Workbook

Sheet البنوك
A1: اليوم | E1: الاثنين | G1: 25/6/2024
A2: البنك الاهلي هشام يوسف | D2: الاسكندرية هشام شركات | G2: البنوك والارصدة
A3: المبلغ | B3: التفاصيل | D3: المبلغ | E3: التفاصيل | G3: البنك | H3: الرصيد
A4: 87756 | B4: رصيد اول المدة | D4: 581261 | E4: رصيد اول المدة | G4: البنك الاهلي هشام | H4: =A25 -> 87756
G5: الاسكندرية هشام شركات | H5: =D25 -> 581261
G6: الاسكندرية يوسف يوسف | H6: =D43 -> 49846
G7: بنك مصر يوسف يوسف | H7: =A43 -> 80341
G8: بنك مصر الشرق | H8: =I43 -> 25881
G9: الاسكندرية الشرق | H9: =G43 -> 48099
G13: الرصيد النهائي | H13: =SUM(A25+D25+D43+A43+I43+G43) -> 873184
A25: =SUM(A4:A24) -> 87756 | B25: رصيد اخر المدة | D25: =SUM(D4:D24) -> 581261 | E25: رصيد اخر المدة | G25: =SUM(G16:G24) -> 0 | H25: رصيد اخر المدة | I25: =SUM(I16:I24) -> 0 | J25: رصيد اخر المدة
A26: بنك مصر يوسف شركات | D26: الاسكندرية يوسف يوسف | G26: الاسكندرية الشرق | I26: بنك مصر الشرق
A27: المبلغ | B27: التفاصيل | D27: المبلغ | E27: التفاصيل | G27: المبلغ | H27: التفاصيل | I27: المبلغ | J27: التفاصيل
A28: 80341 | B28: رصيد اول المدة | D28: 49846 | E28: رصيد اول المدة | G28: 48099 | H28: رصيد اول المدة | I28: 25881 | J28: رصيد اول المدة
A43: =SUM(A28:A42) -> 80341 | B43: رصيد اخر المدة | D43: =SUM(D28:D42) -> 49846 | E43: رصيد اخر المدة | G43: =SUM(G28:G42) -> 48099 | H43: رصيد اخر المدة | I43: =SUM(I28:I42) -> 25881 | J43: رصيد اخر المدة

Sheet الصفحه الرئسية
C3: الارصدة
F7: =SUM(F10:F31) -> 2526323927 | G7: =SUM(G10:G31) -> 2531358292 | H7: =G7-F7 -> 5034365
D8: الرقم | E8: اسم البنك | F8: الحركة | H8: الرصيد
F9: مدين | G9: دائن | H9: =H7 -> 5034365
D10: 1 | E10: ='1'!C3 -> بنك الاهلى (سليم) | F10: ='1'!E5 -> 335251450 | G10: ='1'!F5 -> 335252020 | H10: ='1'!G5 -> 570 | I10: الاهلى (سليم)
D11: 2 | E11: ='2'!C3 -> بنك الاسكندرية هشام شركات | F11: ='2'!E5 -> 685056921 | G11: ='2'!F5 -> 685132190 | H11: ='2'!G5 -> 75269 | I11: الاسكندرية هشام | J11: `
D12: 3 | E12: ='3'!C3 -> بنك الاسكندرية يوسف شركات | F12: ='3'!E5 -> 584195041 | G12: ='3'!F5 -> 587688630 | H12: ='3'!G5 -> 3493589 | I12: الاسكندرية يوسف
D13: 4 | E13: ='4'!C3 -> بنك مصر يوسف شركات | F13: ='4'!E5 -> 233401472 | G13: ='4'!F5 -> 233402047 | H13: ='4'!G5 -> 575 | I13: مصر يوسف
D14: 5 | E14: ='5'!C3 -> بنك مصر الشرق شركات | F14: ='5'!E5 -> 409583649 | G14: ='5'!F5 -> 410082907 | H14: ='5'!G5 -> 499258 | I14: مصر الشرق
D15: 6 | E15: ='6'!C3 -> بنك الاسكندرية الشرق شركات | F15: ='6'!E5 -> 128889927 | G15: ='6'!F5 -> 128890052 | H15: ='6'!G5 -> 125 | I15: الاسكندريه الشرق
D16: 7 | E16: ='7'!C3 -> بنك ابو ظبى (الاول) | F16: ='7'!E5 -> 49925867 | G16: ='7'!F5 -> 50019451 | H16: ='7'!G5 -> 93584 | I16: ابو ظبى (الاول)
D17: 8 | E17: ='8'!C3 -> انستا باى بنك الاسكندريه | F17: ='8'!E5 -> 16356752 | G17: ='8'!F5 -> 16362658 | H17: ='8'!G5 -> 5906 | I17: انستا باى بنك الاسكندريه
D18: 9 | E18: ='9'!C3 -> انستا باي بنك الاهلى | F18: ='9'!E5 -> 25834066 | G18: ='9'!F5 -> 26357776 | H18: ='9'!G5 -> 523710 | I18: انستا باى بنك الاهلى
D19: 10 | E19: ='10'!C3 -> فودافون كاش | F19: ='10'!E5 -> 4078825 | G19: ='10'!F5 -> 4090134 | H19: ='10'!G5 -> 11309 | I19: فودافون كاش | J19: `
D20: 11 | E20: ='11'!C3 -> اتصالات كاش | F20: ='11'!E5 -> 3008032 | G20: ='11'!F5 -> 3038999 | H20: ='11'!G5 -> 30967 | I20: اتصالات كاش
D21: 12 | E21: ='12'!C3 -> البريد المصرى | F21: ='12'!E5 -> 15457953 | G21: ='12'!F5 -> 15593264 | H21: ='12'!G5 -> 135311 | I21: البريد المصرى
D22: 13 | E22: ='13'!C3 -> فودافون كاش (جيمى) | F22: ='13'!E5 -> 1692263 | G22: ='13'!F5 -> 1709284 | H22: ='13'!G5 -> 17021 | I22: فودافون كاش (جيمى)
D23: 14 | E23: ='14'!C3 -> فودافون كاش (يوسف يوسف) | F23: ='14'!E5 -> 29200 | G23: ='14'!F5 -> 53195 | H23: ='14'!G5 -> 23995 | I23: فودافون كاش (يوسف يوسف)
D24: 15 | E24: الاهلى (يوسف يوسف) | F24: ='15'!E5 -> 20055180 | G24: ='15'!F5 -> 20056830 | H24: ='15'!G5 -> 1650 | I24: الاهلى (يوسف يوسف)
D25: 16 | E25: ='16'!C3 -> بنك العقارى المصرى العربى | F25: ='16'!E5 -> 2950000 | G25: ='16'!F5 -> 3000000 | H25: ='16'!G5 -> 50000 | I25: العقارى المصرى العربى
D26: 17 | E26: ='17'!C3 -> فودافون كاش ( احمد علاء ) | F26: ='17'!E5 -> 67329 | G26: ='17'!F5 -> 67355 | H26: ='17'!G5 -> 26 | I26: فودافون كاش ( احمد علاء )
D27: 18 | E27: ='18'!C3 -> بنك الأسكان والتعمير | F27: ='18'!E5 -> 10490000 | G27: ='18'!F5 -> 10561500 | H27: ='18'!G5 -> 71500 | I27: بنك الأسكان والتعمير
D28: 19 | E28: ='19'!C3 -> 0 | I28: 0
D29: 20 | E29: ='20'!C3 -> 0 | I29: 0
D30: 21 | E30: ='21'!C3 -> 0 | I30: 0
D31: 22 | E31: ='22'!C3 -> 0 | I31: 0

Sheet 1
C3: بنك الاهلى (سليم)
E5: =SUM(E8:E2000) -> 335251450 | F5: =SUM(F8:F2000) -> 335252020 | G5: =F5-E5 -> 570 | I5: الصفحة الرئيسية
C6: التاريخ | D6: الاسم | E6: الحركة | G6: الرصيد
E7: مدين | F7: دائن
C8: 24/7/2024 | D8: رصيد افتتاحي | F8: 1291414 | G8: =F8-E8 -> 1291414
C9: 24/7/2024 | D9: هشام يوسف مصاريف | E9: 659 | G9: =F9-E9+G8 -> 1290755
C10: 24/7/2024 | D10: صفوت مطحن الدوليه | F10: 800000 | G10: =F10-E10+G9 -> 2090755
C11: 24/7/2024 | D11: صفوت مطحن الدوليه | F11: 900000 | G11: =F11-E11+G10 -> 2990755
C12: 24/7/2024 | D12: اعالي البحار | E12: 1831065 | G12: =F12-E12+G11 -> 1159690
C13: 24/7/2024 | D13: مقدم حجز حديد الدكتور عمرو | F13: 60000 | G13: =F13-E13+G12 -> 1219690
C14: 25/7/2024 | D14: هشام يوسف مصاريف | E14: 200 | G14: =F14-E14+G13 -> 1219490
C15: 25/7/2024 | D15: هشام يوسف مصاريف | E15: 840 | G15: =F15-E15+G14 -> 1218650
C16: 27/7/2024 | D16: اسمنت اسيوط | E16: 120000 | G16: =F16-E16+G15 -> 1098650
C17: 27/7/2024 | D17: اسمنت اسيوط | E17: 101000 | G17: =F17-E17+G16 -> 997650
C18: 28/7/2024 | D18: احمد فوزى المهركه | F18: 5 | G18: =F18-E18+G17 -> 997655
C19: 28/7/2024 | D19: احمد فوزى المهركه | F19: 70000 | G19: =F19-E19+G18 -> 1067655
C20: 28/7/2024 | D20: احمد فوزى المهركه | F20: 70000 | G20: =F20-E20+G19 -> 1137655
C21: 28/7/2024 | D21: اسمنت اسيوط | E21: 125000 | G21: =F21-E21+G20 -> 1012655
C22: 28/7/2024 | D22: حسام زكي الساحل | F22: 1810000 | G22: =F22-E22+G21 -> 2822655
C23: 28/7/2024 | D23: المتحده لتوريد وتوزيع حديد التسليح ومواد البناء | E23: 1840000 | G23: =F23-E23+G22 -> 982655
C24: 28/7/2024 | D24: اعالي البحار | E24: 394963 | G24: =F24-E24+G23 -> 587692
C25: 29/7/2024 | D25: تحويل من البنك الاهلي | F25: 1500000 | G25: =F25-E25+G24 -> 2087692
C26: 29/7/2024 | D26: محمد محمد رمضان | E26: 1930000 | G26: =F26-E26+G25 -> 157692
C27: 29/7/2024 | D27: تبع اسعد جورج | E27: 20000 | G27: =F27-E27+G26 -> 137692
C28: 29/7/2024 | D28: تبع اسعد جورج | E28: 25000 | G28: =F28-E28+G27 -> 112692
C29: 30/7/2024 | D29: الشيخ خالد مصطفي | F29: 70000 | G29: =F29-E29+G28 -> 182692
C30: 30/7/2024 | D30: الشيخ خالد مصطفي | F30: 28000 | G30: =F30-E30+G29 -> 210692
C31: 30/7/2024 | D31: انستا باي | E31: 35000 | G31: =F31-E31+G30 -> 175692
C32: 31/7/2024 | D32: انستا باي | E32: 120000 | G32: =F32-E32+G31 -> 55692
C33: 31/7/2024 | D33: انستا باي | E33: 48000 | G33: =F33-E33+G32 -> 7692
C34: 31/7/2024 | D34: الشيخ خالد مصطفي | F34: 266750 | G34: =F34-E34+G33 -> 274442
C35: 31/7/2024 | D35: نقدي | E35: 5403 | G35: =F35-E35+G34 -> 269039
C36: 31/7/2024 | D36: مياه مخزن اسيوط الجديدة | E36: 879 | G36: =F36-E36+G35 -> 268160
C37: 31/7/2024 | D37: مطحن الدولية | F37: 650000 | G37: =F37-E37+G36 -> 918160
C38: 31/7/2024 | D38: فائده مدينه | F38: 4582 | G38: =F38-E38+G37 -> 922742
C39: 31/7/2024 | D39: فائده مدينه | E39: 1778 | G39: =F39-E39+G38 -> 920964
C40: 45505 | D40: تحويل من الشيخ خالد الرحاب | F40: 12000 | G40: =F40-E40+G39 -> 932964
C41: 45505 | D41: تحويل من الشيخ خالد الرحاب | F41: 8000 | G41: =F41-E41+G40 -> 940964
C42: 45505 | D42: بنزين | E42: 500 | G42: =F42-E42+G41 -> 940464
C43: 45505 | D43: صفوت مطحن الدوليه | F43: 516000 | G43: =F43-E43+G42 -> 1456464
C44: 45505 | D44: احمد سليمان فهمي | F44: 830000 | G44: =F44-E44+G43 -> 2286464
C45: 45505 | D45: الي الانستاباي | E45: 50000 | G45: =F45-E45+G44 -> 2236464
C46: 45508 | D46: من محمد المنجي نقله اللفف | F46: 23970 | G46: =F46-E46+G45 -> 2260434
C47: 45508 | D47: الي الانستاباي | E47: 50000 | G47: =F47-E47+G46 -> 2210434
C48: 45508 | D48: الي اسمنت اسيوط | E48: 150000 | G48: =F48-E48+G47 -> 2060434
C49: 45508 | D49: احمد تايسون حول مكانهم اسكندريه | E49: 105000 | G49: =F49-E49+G48 -> 1955434
C50: 45509 | D50: اسمنت المصريين | E50: 1800000 | G50: =F50-E50+G49 -> 155434
C51: 45509 | D51: من هشام يوسف سليم | F51: 1500000 | G51: =F51-E51+G50 -> 1655434
C52: 45508 | D52: الي احمد سيد عتريس | E52: 1000000 | G52: =F52-E52+G51 -> 655434
C53: 45508 | D53: خالد الرحاب | F53: 19000 | G53: =F53-E53+G52 -> 674434
C54: 45508 | D54: من عبداللاه احمد عبداللاه | F54: 315250 | G54: =F54-E54+G53 -> 989684
C55: 45508 | D55: الي احمد سيد عتريس | E55: 935386 | G55: =F55-E55+G54 -> 54298
C56: 45509 | D56: من محمد المنجي نقله اللفف | F56: 9260 | G56: =F56-E56+G55 -> 63558
C57: 45509 | D57: علي نفادي تمن 13 طن اسمنت | F57: 29900 | G57: =F57-E57+G56 -> 93458
C58: 45509 | D58: مصروفات | E58: 23 | G58: =F58-E58+G57 -> 93435
C59: 45510 | D59: حجز حديد كابيتال سعر 41الف عز | F59: 650000 | G59: =F59-E59+G58 -> 743435
C60: 45510 | D60: حجز حديد كابيتال سعر 41الف عز | F60: 670000 | G60: =F60-E60+G59 -> 1413435
C61: 45510 | D61: مؤمن المطيعه | F61: 228000 | G61: =F61-E61+G60 -> 1641435
C62: 45510 | D62: تحويل الي مصطفي ابوعوف بدل تحويل اسكندريه | E62: 1080000 | G62: =F62-E62+G61 -> 561435
C63: 45510 | D63: خالد الرحاب | F63: 23500 | G63: =F63-E63+G62 -> 584935
C64: 45511 | D64: 7طن عاده اخدهم احمد رشوان من العرب | F64: 10 | G64: =F64-E64+G63 -> 584945
C65: 45511 | D65: 7طن عاده اخدهم احمد رشوان من العرب | F65: 15600 | G65: =F65-E65+G64 -> 600545
C66: 45511 | D66: الي اسمنت اسيوط | E66: 20000 | G66: =F66-E66+G65 -> 580545
C67: 45511 | D67: ايداع نقدي | F67: 800140 | G67: =F67-E67+G66 -> 1380685
C68: 45511 | D68: الشيخ خالد الرحاب | F68: 485500 | G68: =F68-E68+G67 -> 1866185
C69: 45511 | D69: اسمنت اسيوط | E69: 100000 | G69: =F69-E69+G68 -> 1766185
C70: 45511 | D70: اسمنت اسيوط | E70: 1000 | G70: =F70-E70+G69 -> 1765185
C71: 45512 | D71: خالد الرحاب | F71: 33000 | G71: =F71-E71+G70 -> 1798185
C72: 45512 | D72: علي محسن | E72: 222400 | G72: =F72-E72+G71 -> 1575785
C73: 45512 | D73: فوزي المهركه | F73: 191000 | G73: =F73-E73+G72 -> 1766785
C74: 45515 | D74: خالد الرحاب | F74: 25000 | G74: =F74-E74+G73 -> 1791785
C75: 45515 | D75: مجدي يوسف | F75: 5000 | G75: =F75-E75+G74 -> 1796785
C76: 45515 | D76: مجدي يوسف | F76: 70000 | G76: =F76-E76+G75 -> 1866785
C77: 45515 | D77: مجدي يوسف | F77: 20000 | G77: =F77-E77+G76 -> 1886785
C78: 45515 | D78: اسمنت المصريين | E78: 1880000 | G78: =F78-E78+G77 -> 6785
C79: 45515 | D79: من يوسف يوسف | F79: 1000000 | G79: =F79-E79+G78 -> 1006785
C80: 45515 | D80: اسمنت المصريين | E80: 1000000 | G80: =F80-E80+G79 -> 6785
C81: 45516 | D81: مجدي يوسف | F81: 35000 | G81: =F81-E81+G80 -> 41785
C82: 45516 | D82: مجدي يوسف | F82: 70000 | G82: =F82-E82+G81 -> 111785
C83: 45516 | D83: مؤمن المطيعه 100 طن تعمير | F83: 233000 | G83: =F83-E83+G82 -> 344785
C84: 45516 | D84: ابانوب عفت | F84: 91900 | G84: =F84-E84+G83 -> 436685
C85: 13/8/2024 | D85: خالد الرحاب | F85: 36000 | G85: =F85-E85+G84 -> 472685
C86: 13/8/2024 | D86: خالد الرحاب | F86: 122000 | G86: =F86-E86+G85 -> 594685
C87: 13/8/2024 | D87: احمد سليمان فهمي | F87: 480000 | G87: =F87-E87+G86 -> 1074685
C88: 14/8/2024 | D88: المهندس فرح | F88: 60000 | G88: =F88-E88+G87 -> 1134685
C89: 45519 | D89: احمد سليمان قعير عملاء | F89: 12000 | G89: =F89-E89+G88 -> 1146685
C90: 45519 | D90: الى اسمنت اسيوط | E90: 45000 | G90: =F90-E90+G89 -> 1101685
C91: 45519 | D91: خالد الرحاب | F91: 30000 | G91: =F91-E91+G90 -> 1131685
C92: 45522 | D92: مصروفات بنكيه | E92: 4582 | G92: =F92-E92+G91 -> 1127103
C93: 45522 | D93: تحصيل ابانوب عفت | F93: 150000 | G93: =F93-E93+G92 -> 1277103
C94: 45522 | D94: اسمنت اسيوط | E94: 130000 | G94: =F94-E94+G93 -> 1147103
C95: 45522 | D95: خالد الرحاب | F95: 50000 | G95: =F95-E95+G94 -> 1197103
C96: 45523 | D96: الرضا ستيل | E96: 1197000 | G96: =F96-E96+G95 -> 103
C97: 45523 | D97: رسوم تحويل | E97: 78 | G97: =F97-E97+G96 -> 25
C98: 45523 | D98: خالد الرحاب | F98: 60000 | G98: =F98-E98+G97 -> 60025
C99: 45523 | D99: مؤمن المطيعه (مقدم 100 طن مقاوم تعمير وعليه 10الاف) | F99: 230000 | G99: =F99-E99+G98 -> 290025
C100: 45524 | D100: خالد الرحاب | F100: 50000 | G100: =F100-E100+G99 -> 340025
C101: 45524 | D101: خالد الرحاب | F101: 50000 | G101: =F101-E101+G100 -> 390025
C102: 45524 | D102: سمير مجدى | F102: 100000 | G102: =F102-E102+G101 -> 490025
C103: 45524 | D103: ابانوب عفت | F103: 100000 | G103: =F103-E103+G102 -> 590025
...

Sheet 2
C3: بنك الاسكندرية هشام شركات
E5: =SUM(E8:E3000) -> 685056921 | F5: =SUM(F8:F3000) -> 685132190 | G5: =F5-E5 -> 75269 | I5: الصفحة الرئيسية
C6: التاريخ | D6: الاسم | E6: الحركة | G6: الرصيد
E7: مدين | F7: دائن
C8: 24/7/2024 | D8: رصيد افتتاحي | F8: 3661885 | G8: =F8-E8 -> 3661885
C9: 24/7/2024 | D9: شيك قطعة(5) تجاري اداري | E9: 1078010 | G9: =F9-E9+G8 -> 2583875
C10: 24/7/2024 | D10: احمد ثابت تايسون | F10: 361000 | G10: =F10-E10+G9 -> 2944875
C11: 24/7/2024 | D11: اسمنت التعمير | E11: 432075 | G11: =F11-E11+G10 -> 2512800
C12: 24/7/2024 | D12: احمد سليمان فهمي الفيما | E12: 250000 | G12: =F12-E12+G11 -> 2262800
C13: 28/7/2024 | D13: حديد عز السادات | E13: 2050000 | G13: =F13-E13+G12 -> 212800
C14: 28/7/2024 | D14: محمد مختار | F14: 210000 | G14: =F14-E14+G13 -> 422800
C15: 28/7/2024 | D15: ايداع نقدي | F15: 139200 | G15: =F15-E15+G14 -> 562000
C16: 28/7/2024 | D16: ايداع نقدي | F16: 50800 | G16: =F16-E16+G15 -> 612800
C17: 28/7/2024 | D17: ايداع نقدي | F17: 347200 | G17: =F17-E17+G16 -> 960000
C18: 28/7/2024 | D18: ايداع نقدي | F18: 950400 | G18: =F18-E18+G17 -> 1910400
C19: 28/7/2024 | D19: ايداع نقدي | F19: 2200 | G19: =F19-E19+G18 -> 1912600
C20: 29/7/2024 | D20: تحويل الي البنك الاهلي | E20: 1500075 | G20: =F20-E20+G19 -> 412525
C21: 45502 | D21: ايداع نقدي | F21: 25000 | G21: =F21-E21+G20 -> 437525
C22: 45502 | D22: ايداع نقدي | F22: 20000 | G22: =F22-E22+G21 -> 457525
C23: 45502 | D23: ايداع نقدي | F23: 1550000 | G23: =F23-E23+G22 -> 2007525
C24: 45502 | D24: ايداع نقدي | F24: 20000 | G24: =F24-E24+G23 -> 2027525
C25: 45502 | D25: ايداع نقدي | F25: 20000 | G25: =F25-E25+G24 -> 2047525
C26: 45502 | D26: ايداع نقدي | F26: 250000 | G26: =F26-E26+G25 -> 2297525
C27: 45502 | D27: ايداع نقدي | F27: 15500 | G27: =F27-E27+G26 -> 2313025
C28: 45502 | D28: حديد عز السادات | E28: 2050000 | G28: =F28-E28+G27 -> 263025
C29: 30/7/2024 | D29: ايداع نقدي | F29: 120200 | G29: =F29-E29+G28 -> 383225
C30: 30/7/2024 | D30: بنك الاسكندرية هشام الشخصي | F30: 300000 | G30: =F30-E30+G29 -> 683225
C31: 30/7/2024 | D31: بنك الاسكندرية يوسف | F31: 723000 | G31: =F31-E31+G30 -> 1406225
C32: 30/7/2024 | D32: بنك مصر يوسف | F32: 368000 | G32: =F32-E32+G31 -> 1774225
C33: 30/7/2024 | D33: بنك الاسكندرية الشرق | F33: 74000 | G33: =F33-E33+G32 -> 1848225
C34: 30/7/2024 | D34: بنك مصر الشرق | F34: 50000 | G34: =F34-E34+G33 -> 1898225
C35: 30/7/2024 | D35: احمد سليمان فهمي الفيما | F35: 55000 | G35: =F35-E35+G34 -> 1953225
C36: 30/7/2024 | D36: انستا باي | F36: 47000 | G36: =F36-E36+G35 -> 2000225
C37: 30/7/2024 | D37: احمد تايسون | E37: 2000075 | G37: =F37-E37+G36 -> 150
C38: 31/7/2024 | D38: مصاريف تشغيلية | E38: 150 | G38: =F38-E38+G37 -> 0
C39: 31/7/2024 | D39: ايداع نقدي | F39: 320200 | G39: =F39-E39+G38 -> 320200
C40: 31/7/2024 | D40: ايداع نقدي | F40: 1000000 | G40: =F40-E40+G39 -> 1320200
C41: 31/7/2024 | D41: احمد سليمان فهمي الفيما | E41: 1000075 | G41: =F41-E41+G40 -> 320125
C42: 31/7/2024 | D42: فوائد | F42: 8777 | G42: =F42-E42+G41 -> 328902
C43: 45505 | D43: مصاريف كشف حساب | E43: 50 | G43: =F43-E43+G42 -> 328852
C44: 45505 | D44: تحويل من اسكندريه الشخصي | F44: 200000 | G44: =F44-E44+G43 -> 528852
C45: 45505 | D45: احمد تايسون | E45: 500075 | G45: =F45-E45+G44 -> 28777
C46: 45505 | D46: ايداع نقدي | F46: 352800 | G46: =F46-E46+G45 -> 381577
C47: 45508 | D47: تحويل من محمود محاسب علي اسامه | F47: 126553 | G47: =F47-E47+G46 -> 508130
C48: 45508 | D48: احمد سليمان فهمي الفيما | E48: 500075 | G48: =F48-E48+G47 -> 8055
C49: 45508 | D49: احمد سليمان فهمي الفيما | F49: 420000 | G49: =F49-E49+G48 -> 428055
C50: 45508 | D50: احمد سليمان فهمي الفيما | E50: 420075 | G50: =F50-E50+G49 -> 7980
C51: 45508 | D51: من اسكندريه الشخصي | F51: 500000 | G51: =F51-E51+G50 -> 507980
C52: 45508 | D52: احمد تايسون حولنا مكانهم ف الاهلي | F52: 75000 | G52: =F52-E52+G51 -> 582980
C53: 45508 | D53: احمد تايسون حولنا مكانهم ف الاهلي | F53: 30000 | G53: =F53-E53+G52 -> 612980
C54: 45508 | D54: وثيقه تامين بنك اسكندريه | E54: 24943 | G54: =F54-E54+G53 -> 588037
C55: 45508 | D55: مصطفي ابوعوف من الشخصي اسكندريه | F55: 580000 | G55: =F55-E55+G54 -> 1168037
C56: 45508 | D56: ايداع نقدي | F56: 370000 | G56: =F56-E56+G55 -> 1538037
C57: 45508 | D57: ايداع نقدي | F57: 276750 | G57: =F57-E57+G56 -> 1814787
C58: 45508 | D58: احمد سليمان فهمي الفيما | F58: 920000 | G58: =F58-E58+G57 -> 2734787
C59: 45508 | D59: احمد سليمان فهمي الفيما | F59: 900000 | G59: =F59-E59+G58 -> 3634787
C60: 45508 | D60: حديد عز السادات | E60: 2050000 | G60: =F60-E60+G59 -> 1584787
C61: 45508 | D61: محول الي الاهلي هشام | E61: 1500075 | G61: =F61-E61+G60 -> 84712
C62: 45509 | D62: رضا ناجح فهمي | F62: 213000 | G62: =F62-E62+G61 -> 297712
C63: 45509 | D63: مصاريف تحويل | E63: 12 | G63: =F63-E63+G62 -> 297700
C64: 45509 | D64: ايداع نقدي | F64: 196000 | G64: =F64-E64+G63 -> 493700
C65: 45509 | D65: الي الشركه الماسيه للصلب | E65: 315000 | G65: =F65-E65+G64 -> 178700
C66: 45509 | D66: الي الشركه الماسيه للصلب | E66: 100000 | G66: =F66-E66+G65 -> 78700
C67: 45509 | D67: احمد سليمان فهمي الفيما | F67: 70000 | G67: =F67-E67+G66 -> 148700
C68: 45509 | D68: احمد سليمان فهمي الفيما | F68: 20000 | G68: =F68-E68+G67 -> 168700
C69: 45510 | D69: من احمد سليمان فهمي (اخدهم نقدي) | F69: 800000 | G69: =F69-E69+G68 -> 968700
C70: 45510 | D70: من احمد سليمان فهمي (اخدهم نقدي) | F70: 200000 | G70: =F70-E70+G69 -> 1168700
C71: 45510 | D71: ايداع نقدي | F71: 155900 | G71: =F71-E71+G70 -> 1324600
C72: 45510 | D72: ايداع نقدي | F72: 80000 | G72: =F72-E72+G71 -> 1404600
C73: 45510 | D73: ايداع نقدي | F73: 500000 | G73: =F73-E73+G72 -> 1904600
C74: 45510 | D74: من الاسكندريه الشخصي (مصطفي ابوعوف) | F74: 1000000 | G74: =F74-E74+G73 -> 2904600
C75: 45510 | D75: الي شركه صناعه مواد البناء | E75: 173275 | G75: =F75-E75+G74 -> 2731325
C76: 45510 | D76: الي احمد تايسون | E76: 100000 | G76: =F76-E76+G75 -> 2631325
C77: 45510 | D77: الي حديد عز | E77: 2050000 | G77: =F77-E77+G76 -> 581325
C78: 45511 | D78: ايداع نقدي | F78: 1499850 | G78: =F78-E78+G77 -> 2081175
C79: 45511 | D79: تحويل من ابانوب عفت | F79: 70000 | G79: =F79-E79+G78 -> 2151175
C80: 45511 | D80: تحويل من ابانوب عفت | F80: 30000 | G80: =F80-E80+G79 -> 2181175
C81: 45512 | D81: ايداع نقدي بيد عبود من سليم | F81: 521550 | G81: =F81-E81+G80 -> 2702725
C82: 45512 | D82: احمد سليمان فهمي الفيما | F82: 260000 | G82: =F82-E82+G81 -> 2962725
C83: 45512 | D83: احمد تايسون | E83: 500075 | G83: =F83-E83+G82 -> 2462650
C84: 45512 | D84: حديد عز | E84: 2100000 | G84: =F84-E84+G83 -> 362650
C85: 45515 | D85: ايداع نقدي | F85: 100000 | G85: =F85-E85+G84 -> 462650
C86: 45515 | D86: ايداع نقدي | F86: 470000 | G86: =F86-E86+G85 -> 932650
C87: 45515 | D87: اسمنت التعمير | E87: 420000 | G87: =F87-E87+G86 -> 512650
C88: 45515 | D88: احمد سليمان فهمي الفيما | F88: 261400 | G88: =F88-E88+G87 -> 774050
C89: 45516 | D89: صفوت سمعان | F89: 44300 | G89: =F89-E89+G88 -> 818350
C90: 45516 | D90: ايداع نقدي بيد عبود من سليم | F90: 65200 | G90: =F90-E90+G89 -> 883550
C91: 45516 | D91: الحج عبداللاه | F91: 1000000 | G91: =F91-E91+G90 -> 1883550
C92: 45516 | D92: مصروفات بنكيه | E92: 5 | G92: =F92-E92+G91 -> 1883545
C93: 45516 | D93: مصروفات بنكيه | E93: 5 | G93: =F93-E93+G92 -> 1883540
C94: 45516 | D94: مصروفات بنكيه | E94: 5 | G94: =F94-E94+G93 -> 1883535
C95: 13/8/2024 | D95: تحصيل من مصطفي ابوعوف | F95: 1056000 | G95: =F95-E95+G94 -> 2939535
C96: 13/8/2024 | D96: واصل مصطفي ابوعوف | E96: 56000 | G96: =F96-E96+G95 -> 2883535
C97: 13/8/2024 | D97: واصل الرضا ستيل | E97: 2000000 | G97: =F97-E97+G96 -> 883535
C98: 45515 | D98: مصروفات بنكيه | E98: 75 | G98: =F98-E98+G97 -> 883460
C99: 45518 | D99: الحاج عبداللاه | F99: 400000 | G99: =F99-E99+G98 -> 1283460
C100: 45518 | D100: ايداع نقدى بيد عبود من سليم | F100: 150000 | G100: =F100-E100+G99 -> 1433460
C101: 45518 | D101: مصاريف تحويل | E101: 12 | G101: =F101-E101+G100 -> 1433448
C102: 45518 | D102: شركه اسمنت التعمير | E102: 450000 | G102: =F102-E102+G101 -> 983448
C103: 45518 | D103: مصاريف تحويل | E103: 75 | G103: =F103-E103+G102 -> 983373
...

Sheet 3
C3: بنك الاسكندرية يوسف شركات
E5: =SUM(E8:E2000) -> 584195041 | F5: =SUM(F8:F2000) -> 587688630 | G5: =F5-E5 -> 3493589 | I5: الصفحة الرئيسية
C6: التاريخ | D6: الاسم | E6: الحركة | G6: الرصيد
E7: مدين | F7: دائن
C8: 24/7/2024 | D8: رصيد افتتاحي | F8: 1315534 | G8: =F8-E8 -> 1315534
C9: 24/7/2024 | D9: محمود شمتان | F9: 47950 | G9: =F9-E9+G8 -> 1363484
C10: 28/7/2024 | D10: منصور سليمان | E10: 850000 | G10: =F10-E10+G9 -> 513484
C11: 28/7/2024 | D11: سالم ابو لافي | F11: 10 | G11: =F11-E11+G10 -> 513494
C12: 28/7/2024 | D12: سالم ابو لافي | F12: 50000 | G12: =F12-E12+G11 -> 563494
C13: 28/7/2024 | D13: اسعد جورج | F13: 90000 | G13: =F13-E13+G12 -> 653494
C14: 45501 | D14: مينا مكي حديد | F14: 300000 | G14: =F14-E14+G13 -> 953494
C15: 45501 | D15: الرضا ستيل | E15: 953000 | G15: =F15-E15+G14 -> 494
C16: 29/7/2024 | D16: ايداع نقدي | F16: 134930 | G16: =F16-E16+G15 -> 135424
C17: 29/7/2024 | D17: ايداع نقدي | F17: 400000 | G17: =F17-E17+G16 -> 535424
C18: 29/7/2024 | D18: راشد الوسطي | F18: 182500 | G18: =F18-E18+G17 -> 717924
C19: 29/7/2024 | D19: ايداع نقدي | F19: 274800 | G19: =F19-E19+G18 -> 992724
C20: 29/7/2024 | D20: ايداع نقدي | F20: 407450 | G20: =F20-E20+G19 -> 1400174
C21: 29/7/2024 | D21: سالم ابو لافي | F21: 50000 | G21: =F21-E21+G20 -> 1450174
C22: 29/7/2024 | D22: سالم ابو لافي | F22: 50000 | G22: =F22-E22+G21 -> 1500174
C23: 29/7/2024 | D23: ايداع نقدي | F23: 318700 | G23: =F23-E23+G22 -> 1818874
C24: 29/7/2024 | D24: ايداع نقدي | F24: 107120 | G24: =F24-E24+G23 -> 1925994
C25: 45502 | D25: الرضا ستيل | E25: 3000000 | G25: =F25-E25+G24 -> -1074006
C26: 45502 | D26: ايداع نقدي | F26: 450000 | G26: =F26-E26+G25 -> -624006
C27: 45502 | D27: ايداع نقدي | F27: 600000 | G27: =F27-E27+G26 -> -24006
C28: 45502 | D28: ايداع نقدي | F28: 372100 | G28: =F28-E28+G27 -> 348094
C29: 45502 | D29: مينا مكي | F29: 200000 | G29: =F29-E29+G28 -> 548094
C30: 30/7/2024 | D30: محمد اسماعيل | F30: 25000 | G30: =F30-E30+G29 -> 573094
C31: 30/7/2024 | D31: مينا مكي | F31: 150000 | G31: =F31-E31+G30 -> 723094
C32: 30/7/2024 | D32: الاسكندرية هشام يوسف شركات | E32: 723000 | G32: =F32-E32+G31 -> 94
C33: 31/7/2024 | D33: مصاريف تشغيلية | E33: 60 | G33: =F33-E33+G32 -> 34
C34: 31/7/2024 | D34: اسعد جورج | F34: 100000 | G34: =F34-E34+G33 -> 100034
C35: 31/7/2024 | D35: عاطف الزاوية | F35: 50 | G35: =F35-E35+G34 -> 100084
C36: 31/7/2024 | D36: عاطف الزاوية | F36: 50100 | G36: =F36-E36+G35 -> 150184
C37: 45505 | D37: حسام زكي الساحل | F37: 290000 | G37: =F37-E37+G36 -> 440184
C38: 45505 | D38: الي يوسف يوسف | E38: 50075 | G38: =F38-E38+G37 -> 390109
C39: 45508 | D39: سيد عبدالعزيز | F39: 10 | G39: =F39-E39+G38 -> 390119
C40: 45508 | D40: سيد عبدالعزيز | F40: 15000 | G40: =F40-E40+G39 -> 405119
C41: 45509 | D41: الي الشركه الماسيه | E41: 400000 | G41: =F41-E41+G40 -> 5119
C42: 45509 | D42: ايداع نقدي | F42: 135000 | G42: =F42-E42+G41 -> 140119
C43: 45509 | D43: ايداع نقدي | F43: 1693620 | G43: =F43-E43+G42 -> 1833739
C44: 45509 | D44: الي علي محسن | E44: 1800000 | G44: =F44-E44+G43 -> 33739
C45: 45509 | D45: صفوت مطحن الدوليه | E45: 20075 | G45: =F45-E45+G44 -> 13664
C46: 45510 | D46: ايداع نقدي | F46: 600000 | G46: =F46-E46+G45 -> 613664
C47: 45510 | D47: ايداع نقدي | F47: 250000 | G47: =F47-E47+G46 -> 863664
C48: 45510 | D48: ايداع نقدي | F48: 467600 | G48: =F48-E48+G47 -> 1331264
C49: 45510 | D49: ايداع نقدي | F49: 600000 | G49: =F49-E49+G48 -> 1931264
C50: 45510 | D50: ايداع نقدي | F50: 600000 | G50: =F50-E50+G49 -> 2531264
C51: 45510 | D51: ايداع نقدي | F51: 30000 | G51: =F51-E51+G50 -> 2561264
C52: 45510 | D52: اسعد جورج | F52: 150000 | G52: =F52-E52+G51 -> 2711264
C53: 45510 | D53: الي اعالي البحار | E53: 2190000 | G53: =F53-E53+G52 -> 521264
C54: 45512 | D54: اسعد جورج | F54: 200000 | G54: =F54-E54+G53 -> 721264
C55: 45512 | D55: مينا مكي | F55: 50000 | G55: =F55-E55+G54 -> 771264
C56: 45515 | D56: ايداع نقدي | F56: 120000 | G56: =F56-E56+G55 -> 891264
C57: 45515 | D57: ايداع نقدي | F57: 290550 | G57: =F57-E57+G56 -> 1181814
C58: 45515 | D58: ايداع نقدي | F58: 100000 | G58: =F58-E58+G57 -> 1281814
C59: 45515 | D59: ايداع نقدي | F59: 56700 | G59: =F59-E59+G58 -> 1338514
C60: 45515 | D60: ايداع نقدي | F60: 98750 | G60: =F60-E60+G59 -> 1437264
C61: 45515 | D61: ايداع نقدي | F61: 672450 | G61: =F61-E61+G60 -> 2109714
C62: 45515 | D62: ايداع نقدي | F62: 590845 | G62: =F62-E62+G61 -> 2700559
C63: 45515 | D63: ايداع نقدي | F63: 100000 | G63: =F63-E63+G62 -> 2800559
C64: 45515 | D64: ايداع نقدي | F64: 20000 | G64: =F64-E64+G63 -> 2820559
C65: 45515 | D65: ايداع نقدي | F65: 10000 | G65: =F65-E65+G64 -> 2830559
C66: 45515 | D66: مجدي يوسف | F66: 1400000 | G66: =F66-E66+G65 -> 4230559
C67: 45515 | D67: حديد عز | E67: 2050000 | G67: =F67-E67+G66 -> 2180559
C68: 45515 | D68: اسمنت المصريين | E68: 1000075 | G68: =F68-E68+G67 -> 1180484
C69: 45516 | D69: محمد اسماعيل | F69: 20000 | G69: =F69-E69+G68 -> 1200484
C70: 45516 | D70: اسعد جورج حديد | F70: 120000 | G70: =F70-E70+G69 -> 1320484
C71: 45518 | D71: اسعد جورج ايداع نقدى | F71: 200000 | G71: =F71-E71+G70 -> 1520484
C72: 45518 | D72: اعالى البحار الدوليه | E72: 1400000 | G72: =F72-E72+G71 -> 120484
C73: 45518 | D73: يوسف يوسف شراء سياره | E73: 100000 | G73: =F73-E73+G72 -> 20484
C74: 45519 | D74: ايداع نقدى بواسطه عبود من يوسف | F74: 500000 | G74: =F74-E74+G73 -> 520484
C75: 45519 | D75: ايداع نقدى بواسطه عبود من يوسف | F75: 281360 | G75: =F75-E75+G74 -> 801844
C76: 45519 | D76: ايداع نقدى بواسطه عبود من يوسف | F76: 108500 | G76: =F76-E76+G75 -> 910344
C77: 45519 | D77: ايداع نقدى بواسطه عبود من يوسف | F77: 212525 | G77: =F77-E77+G76 -> 1122869
C78: 45519 | D78: ايداع نقدى بواسطه عبود من يوسف | F78: 118250 | G78: =F78-E78+G77 -> 1241119
C79: 45519 | D79: ايداع نقدى بواسطه عبود من يوسف | F79: 450000 | G79: =F79-E79+G78 -> 1691119
C80: 45519 | D80: ايداع نقدى بواسطه عبود من يوسف | F80: 500000 | G80: =F80-E80+G79 -> 2191119
C81: 45519 | D81: عاطف الزاوية | F81: 60000 | G81: =F81-E81+G80 -> 2251119
C82: 45519 | D82: عاطف الزاوية | F82: 60000 | G82: =F82-E82+G81 -> 2311119
C83: 45519 | D83: ايداع نقدى بواسطه عبود من سليم | F83: 111500 | G83: =F83-E83+G82 -> 2422619
C84: 45519 | D84: ايداع نقدى بواسطه عبود من سليم | F84: 30000 | G84: =F84-E84+G83 -> 2452619
C85: 45519 | D85: اسامه الحمام | F85: 35000 | G85: =F85-E85+G84 -> 2487619
C86: 45521 | D86: حديد عز | E86: 2050000 | G86: =F86-E86+G85 -> 437619
C87: 45522 | D87: اسعد جورج حديد | F87: 500000 | G87: =F87-E87+G86 -> 937619
C88: 45522 | D88: تحويل تم رده | E88: 110075 | G88: =F88-E88+G87 -> 827544
C89: 45522 | D89: تحويل تم رده | F89: 110075 | G89: =F89-E89+G88 -> 937619
C90: 45522 | D90: يوسف يوسف شراء سياره | E90: 1000 | G90: =F90-E90+G89 -> 936619
C91: 45522 | D91: يوسف يوسف شراء سياره | E91: 100000 | G91: =F91-E91+G90 -> 836619
C92: 45522 | D92: يوسف يوسف شراء سياره | E92: 835800 | G92: =F92-E92+G91 -> 819
C93: 45523 | D93: ايداع نقدي بواسطة عبودي من يوسف | F93: 163595 | G93: =F93-E93+G92 -> 164414
C94: 45523 | D94: ايداع نقدي بواسطة عبودي من يوسف | F94: 360750 | G94: =F94-E94+G93 -> 525164
C95: 45523 | D95: ايداع نقدي بواسطة عبودي من يوسف | F95: 350930 | G95: =F95-E95+G94 -> 876094
C96: 45523 | D96: ايداع نقدي بواسطة عبودي من يوسف | F96: 300000 | G96: =F96-E96+G95 -> 1176094
C97: 45523 | D97: ايداع نقدي بواسطة عبودي من يوسف باجمالي (1725275) | F97: 550000 | G97: =F97-E97+G96 -> 1726094
C98: 45523 | D98: يوسف يوسف شراء سياره | E98: 70075 | G98: =F98-E98+G97 -> 1656019
C99: 45523 | D99: محمود شمتان | F99: 5000 | G99: =F99-E99+G98 -> 1661019
C100: 45524 | D100: حسين اسيوط الجديده | F100: 39665 | G100: =F100-E100+G99 -> 1700684
C101: 45524 | D101: مصروفات بنكيه | E101: 85 | G101: =F101-E101+G100 -> 1700599
C102: 45524 | D102: اسمنت الجيش (السهم) | E102: 669000 | G102: =F102-E102+G101 -> 1031599
C103: 45524 | D103: اسمنت المصريين | E103: 1000000 | G103: =F103-E103+G102 -> 31599
...

Sheet 4
C3: بنك مصر يوسف شركات
E5: =SUM(E8:E1003) -> 233401472 | F5: =SUM(F8:F1003) -> 233402047 | G5: =F5-E5 -> 575 | I5: الصفحة الرئيسية
C6: التاريخ | D6: الاسم | E6: الحركة | G6: الرصيد
E7: مدين | F7: دائن
C8: 24/7/2024 | D8: رصيد افتتاحي | F8: 529991 | G8: =F8-E8 -> 529991
C9: 24/7/2024 | D9: صفوت مطحن الدوليه | F9: 600000 | G9: =F9-E9+G8 -> 1129991
C10: 24/7/2024 | D10: حسام زكي الساحل | F10: 250000 | G10: =F10-E10+G9 -> 1379991
C11: 24/7/2024 | D11: حسام زكي الساحل | F11: 24500 | G11: =F11-E11+G10 -> 1404491
C12: 27/7/2024 | D12: اعالي البحار | E12: 1400000 | G12: =F12-E12+G11 -> 4491
C13: 28/7/2024 | D13: حسام زكي الساحل | F13: 100000 | G13: =F13-E13+G12 -> 104491
C14: 28/7/2024 | D14: وليد توفيق | F14: 127500 | G14: =F14-E14+G13 -> 231991
C15: 28/7/2024 | D15: جمال سيد | F15: 740000 | G15: =F15-E15+G14 -> 971991
C16: 28/7/2027 | D16: الرضا ستيل | E16: 971000 | G16: =F16-E16+G15 -> 991
C17: 29/7/2024 | D17: جمال سيد | F17: 167500 | G17: =F17-E17+G16 -> 168491
C18: 29/7/2024 | D18: شنوده نظمي | F18: 30000 | G18: =F18-E18+G17 -> 198491
C19: 30/7/2024 | D19: حسام زكي الساحل | F19: 170000 | G19: =F19-E19+G18 -> 368491
C20: 30/7/2024 | D20: بنك الاسكندرية هشام يوسف | E20: 368150 | G20: =F20-E20+G19 -> 341
C21: 45508 | D21: حسام زكي الساحل | F21: 500000 | G21: =F21-E21+G20 -> 500341
C22: 45509 | D22: حسام زكي الساحل | F22: 300000 | G22: =F22-E22+G21 -> 800341
C23: 45509 | D23: خالد الرحاب | F23: 250000 | G23: =F23-E23+G22 -> 1050341
C24: 45509 | D24: ولد مكي | F24: 100000 | G24: =F24-E24+G23 -> 1150341
C25: 45509 | D25: توريد الماسيه | E25: 1150000 | G25: =F25-E25+G24 -> 341
C26: 45509 | D26: جمال سيد | F26: 112500 | G26: =F26-E26+G25 -> 112841
C27: 45509 | D27: صفوت مطحن الدوليه | E27: 20000 | G27: =F27-E27+G26 -> 92841
C28: 45510 | D28: حسام زكي الساحل | F28: 300000 | G28: =F28-E28+G27 -> 392841
C29: 45510 | D29: مصروفات | E29: 50 | G29: =F29-E29+G28 -> 392791
C30: 45512 | D30: احمد سليمان | F30: 900000 | G30: =F30-E30+G29 -> 1292791
C31: 45512 | D31: خالد الرحاب | F31: 26400 | G31: =F31-E31+G30 -> 1319191
C32: 45515 | D32: حسام زكي الساحل | F32: 150000 | G32: =F32-E32+G31 -> 1469191
C33: 45515 | D33: حسام زكي الساحل | F33: 140000 | G33: =F33-E33+G32 -> 1609191
C34: 45515 | D34: خالد الرحاب | F34: 50000 | G34: =F34-E34+G33 -> 1659191
C35: 45515 | D35: احمد سليمان | E35: 1600000 | G35: =F35-E35+G34 -> 59191
C36: 45515 | D36: خالد الرحاب | F36: 40000 | G36: =F36-E36+G35 -> 99191
C37: 45515 | D37: خالد الرحاب | F37: 10 | G37: =F37-E37+G36 -> 99201
C38: 45515 | D38: خالد الرحاب | F38: 50000 | G38: =F38-E38+G37 -> 149201
C39: 45515 | D39: خالد الرحاب | F39: 50000 | G39: =F39-E39+G38 -> 199201
C40: 45515 | D40: خالد الرحاب | F40: 2200 | G40: =F40-E40+G39 -> 201401
C41: 45515 | D41: خالد الرحاب | F41: 43200 | G41: =F41-E41+G40 -> 244601
C42: 45515 | D42: خالد الرحاب | F42: 48375 | G42: =F42-E42+G41 -> 292976
C43: 45516 | D43: مينا مكي | F43: 70000 | G43: =F43-E43+G42 -> 362976
C44: 14/8/2024 | D44: حسام زكي الساحل | F44: 255000 | G44: =F44-E44+G43 -> 617976
C45: 45519 | D45: مينا مكي | F45: 74000 | G45: =F45-E45+G44 -> 691976
C46: 45522 | D46: يوسف يوسف شراء سياره | E46: 690000 | G46: =F46-E46+G45 -> 1976
C47: 45523 | D47: حسام زكي الساحل | F47: 128000 | G47: =F47-E47+G46 -> 129976
C48: 45524 | F48: 1000 | G48: =F48-E48+G47 -> 130976
C49: 45524 | D49: الشيخ خالد الرحاب | F49: 8000 | G49: =F49-E49+G48 -> 138976
C50: 45529 | F50: 40000 | G50: =F50-E50+G49 -> 178976
C51: 45529 | D51: احمد سليمان فهمى (نقدى بيد يوسف ) | F51: 1650000 | G51: =F51-E51+G50 -> 1828976
C52: 45529 | D52: احمد سليمان فهمى (نقدى بيد يوسف ) منهم 50 الف داخل حساب الاسمنت ) | F52: 350000 | G52: =F52-E52+G51 -> 2178976
C53: 45529 | D53: حديد عز | E53: 2050000 | G53: =F53-E53+G52 -> 128976
C54: 45531 | D54: واصل بنك اسكندريه يوسف | E54: 128000 | G54: =F54-E54+G53 -> 976
C55: 45531 | D55: مصروفات بنكيه | E55: 150 | G55: =F55-E55+G54 -> 826
C56: 45532 | D56: عصام هاشم العزبه | F56: 1700000 | G56: =F56-E56+G55 -> 1700826
C57: 45532 | D57: اسعد جورج | F57: 700000 | G57: =F57-E57+G56 -> 2400826
C58: 45532 | D58: الرضا ستيل | E58: 1936555 | G58: =F58-E58+G57 -> 464271
C59: 45533 | D59: مؤمن المطيعه | E59: 40000 | G59: =F59-E59+G58 -> 424271
C60: 45533 | D60: الشركه الماسية | E60: 424000 | G60: =F60-E60+G59 -> 271
C61: 45533 | D61: خالد الرحاب | F61: 15000 | G61: =F61-E61+G60 -> 15271
C62: 45536 | D62: خالد الرحاب | F62: 37500 | G62: =F62-E62+G61 -> 52771
C63: 45539 | D63: شنوده نظمي | F63: 4100 | G63: =F63-E63+G62 -> 56871
C64: 45539 | D64: علام بن ثابت | F64: 500 | G64: =F64-E64+G63 -> 57371
C65: 45539 | D65: علام بن ثابت | F65: 29500 | G65: =F65-E65+G64 -> 86871
C66: 45540 | D66: حسام زكي الساحل | F66: 200000 | G66: =F66-E66+G65 -> 286871
C67: 45543 | D67: خالد الرحاب | F67: 49000 | G67: =F67-E67+G66 -> 335871
C68: 45543 | D68: خالد الرحاب | F68: 51000 | G68: =F68-E68+G67 -> 386871
C69: 45544 | D69: ايداع نقدى احمد تايسون | E69: 275000 | G69: =F69-E69+G68 -> 111871
C70: 45544 | D70: مصروفات | F70: 5 | G70: =F70-E70+G69 -> 111876
C71: 45545 | D71: عبد الحميد بنى محمد | F71: 749096 | G71: =F71-E71+G70 -> 860972
C72: 45545 | D72: الرضا ستيل | E72: 855790 | G72: =F72-E72+G71 -> 5182
C73: 45547 | D73: خالد الرحاب | F73: 232000 | G73: =F73-E73+G72 -> 237182
C74: 45547 | D74: الرضا ستيل | E74: 237000 | G74: =F74-E74+G73 -> 182
C75: 45547 | D75: خالد الرحاب | F75: 40000 | G75: =F75-E75+G74 -> 40182
C76: 45551 | D76: محمود (حديد المصرين) | E76: 12000 | G76: =F76-E76+G75 -> 28182
C77: 45551 | D77: محمود (حديد المصرين) | E77: 110 | G77: =F77-E77+G76 -> 28072
C78: 45551 | D78: الدكتور على (المعلمين) | F78: 40000 | G78: =F78-E78+G77 -> 68072
C79: 45552 | D79: خالد الرحاب (تحويل من هانى عبد التواب) | F79: 90000 | G79: =F79-E79+G78 -> 158072
C80: 45554 | D80: فرج الزاويه | F80: 90400 | G80: =F80-E80+G79 -> 248472
C81: 45554 | D81: عبد الجيد رويجل | F81: 65000 | G81: =F81-E81+G80 -> 313472
C82: 45554 | D82: خالد الرحاب | F82: 40000 | G82: =F82-E82+G81 -> 353472
C83: 45554 | D83: خالد الرحاب | F83: 31000 | G83: =F83-E83+G82 -> 384472
C84: 45557 | D84: خالد الرحاب | F84: 50000 | G84: =F84-E84+G83 -> 434472
C85: 45557 | D85: خالد الرحاب | F85: 50000 | G85: =F85-E85+G84 -> 484472
C86: 45557 | D86: خالد الرحاب | F86: 50000 | G86: =F86-E86+G85 -> 534472
C87: 45557 | D87: خالد الرحاب | F87: 50000 | G87: =F87-E87+G86 -> 584472
C88: 45558 | D88: خالد الرحاب | F88: 50000 | G88: =F88-E88+G87 -> 634472
C89: 45558 | D89: خالد الرحاب | F89: 50000 | G89: =F89-E89+G88 -> 684472
... C93: 45558 | D93: خالد الرحاب | F93: 30000 | G93: =F93-E93+G92 -> 805062
C94: 45559 | D94: عصام هاشم عمل مكانهم ايداع ( بنك الاسكندريه ) | E94: 390000 | G94: =F94-E94+G93 -> 415062
C95: 45559 | D95: احمد همام | E95: 415000 | G95: =F95-E95+G94 -> 62
C96: 45564 | D96: فرج الزاويه | F96: 68400 | G96: =F96-E96+G95 -> 68462
C97: 45564 | D97: خالد الرحاب | F97: 49000 | G97: =F97-E97+G96 -> 117462
C98: 45564 | D98: خالد الرحاب | F98: 51000 | G98: =F98-E98+G97 -> 168462
C99: 45564 | D99: خالد الرحاب | F99: 70000 | G99: =F99-E99+G98 -> 238462
C100: 45564 | D100: خالد الرحاب (بأجمالى 190000) | F100: 20000 | G100: =F100-E100+G99 -> 258462
C101: 45564 | D101: عصام هاشم | F101: 375000 | G101: =F101-E101+G100 -> 633462
C102: 45564 | D102: خالد الرحاب | F102: 52400 | G102: =F102-E102+G101 -> 685862
C103: 45564 | D103: عصام هاشم | F103: 13500 | G103: =F103-E103+G102 -> 699362
C104: 45564 | D104: عصام هاشم | F104: 250000 | G104: =F104-E104+G103 -> 949362
C105: 45564 | D105: الرضا ستيل | E105: 896000 | G105: =F105-E105+G104 -> 53362
C106: 45565 | D106: خالد الرحاب | F106: 50000 | G106: =F106-E106+G105 -> 103362
...

Sheet 5
C3: بنك مصر الشرق شركات
E5: =SUM(E8:E2000) -> 409583649 | F5: =SUM(F8:F2000) -> 410082907 | G5: =F5-E5 -> 499258 | I5: الصفحة الرئيسية
C6: التاريخ | D6: الاسم | E6: الحركة | G6: الرصيد
E7: مدين | F7: دائن
C8: 24/7/2024 | D8: رصيد افتتاحي | F8: 453 | G8: =F8-E8 -> 453
C9: 45484 | D9: شريف الغول | F9: 52000 | G9: =F9-E9+G8 -> 52453
C10: 30/7/2024 | D10: ضرايب شهر 6 | E10: 1439 | G10: =F10-E10+G9 -> 51014
C11: 30/7/2024 | D11: بنك الاسكندرية هشام يوسف | E11: 50100 | G11: =F11-E11+G10 -> 914
C12: 45481 | D12: المهندس فرح | F12: 250000 | G12: =F12-E12+G11 -> 250914
C13: 45516 | D13: من صابر جابر مهران هياخدهم نقدي | F13: 557000 | G13: =F13-E13+G12 -> 807914
C14: 13/8/2024 | D14: المهندس فرح | F14: 75000 | G14: =F14-E14+G13 -> 882914
C15: 13/8/2024 | D15: الرضا ستيل | E15: 882000 | G15: =F15-E15+G14 -> 914
C16: 45523 | D16: رضا ناجح | F16: 199400 | G16: =F16-E16+G15 -> 200314
C17: 45524 | D17: محمد ابو سته | F17: 72000 | G17: =F17-E17+G16 -> 272314
C18: 45526 | D18: محمد ابو سته | F18: 63750 | G18: =F18-E18+G17 -> 336064
C19: 45526 | D19: الرضا ستيل | E19: 335000 | G19: =F19-E19+G18 -> 1064
C20: 45531 | D20: اكتوبر استيل | F20: 80000 | G20: =F20-E20+G19 -> 81064
C21: 45532 | D21: الشيخ سيد عبد العزيز | F21: 30000 | G21: =F21-E21+G20 -> 111064
C22: 45532 | D22: مصطفى ابو عوف ( هياخدهم نقدى) | F22: 400000 | G22: =F22-E22+G21 -> 511064
C23: 45533 | D23: الشيخ سيد عبد العزيز | F23: 16500 | G23: =F23-E23+G22 -> 527564
C24: 45533 | D24: الشركه الماسيه | E24: 526000 | G24: =F24-E24+G23 -> 1564
C25: 45533 | D25: بنزين يوسف مصاريف | E25: 935 | G25: =F25-E25+G24 -> 629
C26: 45536 | D26: محمد شباره(70 طن سهم عاده ورق ) | F26: 137900 | G26: =F26-E26+G25 -> 138529
C27: 45536 | D27: ضرايب شهر 7 | E27: 1718 | G27: =F27-E27+G26 -> 136811
C28: 45545 | D28: محمد شباره(210 طن سهم عاده ورق ) | F28: 451500 | G28: =F28-E28+G27 -> 588311
C29: 45546 | D29: رضا ناجح | F29: 500000 | G29: =F29-E29+G28 -> 1088311
C30: 45546 | D30: رضا ناجح | F30: 500000 | G30: =F30-E30+G29 -> 1588311
C31: 45546 | D31: بنزين يوسف مصاريف | E31: 885 | G31: =F31-E31+G30 -> 1587426
C32: 45547 | D32: عهده سيد فرحان ( تصليح اللودر ) | E32: 18000 | G32: =F32-E32+G31 -> 1569426
C33: 45547 | D33: احمد الامام (خدهم نقدى) | F33: 800000 | G33: =F33-E33+G32 -> 2369426
C34: 45547 | D34: الرضا ستيل | E34: 2369000 | G34: =F34-E34+G33 -> 426
C35: 45556 | D35: احمد همام (هياخدهم نقدى) | F35: 1000000 | G35: =F35-E35+G34 -> 1000426
C36: 45557 | D36: عاطف المسعودى | F36: 87800 | G36: =F36-E36+G35 -> 1088226
C37: 45559 | D37: سليم يوسف مصاريف | E37: 162000 | G37: =F37-E37+G36 -> 926226
C38: 45559 | D38: احمد همام | E38: 926000 | G38: =F38-E38+G37 -> 226
C39: 45564 | D39: عاطف المسعودى | F39: 40000 | G39: =F39-E39+G38 -> 40226
C40: 45564 | D40: الى الاهلى هشام شركات | E40: 40000 | G40: =F40-E40+G39 -> 226
C41: 45565 | D41: مصروفات | E41: 80 | G41: =F41-E41+G40 -> 146
C42: 45565 | D42: عاطف المسعودى | F42: 13000 | G42: =F42-E42+G41 -> 13146
C43: 45565 | D43: ضرايب قيمه مضافه | E43: 1158 | G43: =F43-E43+G42 -> 11988
C44: 45566 | D44: شريف الغول | F44: 250000 | G44: =F44-E44+G43 -> 261988
C45: 45566 | D45: مصروفات بنكيه | E45: 150 | G45: =F45-E45+G44 -> 261838
C46: 45572 | D46: احمد همام (هياخدهم نقدى) | F46: 200000 | G46: =F46-E46+G45 -> 461838
C47: 45572 | D47: احمد همام (هياخدهم نقدى) | F47: 1000000 | G47: =F47-E47+G46 -> 1461838
C48: 45572 | D48: احمد همام | F48: 900000 | G48: =F48-E48+G47 -> 2361838
C49: 45572 | D49: احمد همام | F49: 100000 | G49: =F49-E49+G48 -> 2461838
C50: 45572 | D50: حديد عز | E50: 2461000 | G50: =F50-E50+G49 -> 838
C51: 45573 | D51: شريف الغول | F51: 200000 | G51: =F51-E51+G50 -> 200838
C52: 45573 | D52: على محسن | F52: 1820000 | G52: =F52-E52+G51 -> 2020838
C53: 45574 | D53: شريف الغول | F53: 200000 | G53: =F53-E53+G52 -> 2220838
C54: 45574 | D54: احمد همام موشا | F54: 800000 | G54: =F54-E54+G53 -> 3020838
C55: 45574 | D55: احمد همام موشا | F55: 1000000 | G55: =F55-E55+G54 -> 4020838
C56: 45575 | D56: احمد همام موشا | F56: 200000 | G56: =F56-E56+G55 -> 4220838
C57: 45578 | D57: صفوت سمعان | F57: 16500 | G57: =F57-E57+G56 -> 4237338
C58: 45578 | D58: شريف الغول | F58: 200000 | G58: =F58-E58+G57 -> 4437338
C59: 45577 | D59: شريف الغول | F59: 168000 | G59: =F59-E59+G58 -> 4605338
C60: 45579 | D60: الى بنك الاسكندريه هشام | E60: 4000000 | G60: =F60-E60+G59 -> 605338
C61: 45579 | D61: مصروفات بنكيه | E61: 150 | G61: =F61-E61+G60 -> 605188
C62: 45580 | D62: شحاته ابو الحسن ( نقدى ف يوميه يوسف) | E62: 35000 | G62: =F62-E62+G61 -> 570188
C63: 45580 | D63: من بنك مصر يوسف | F63: 100000 | G63: =F63-E63+G62 -> 670188
C64: 45580 | D64: حديد المصريين | E64: 670000 | G64: =F64-E64+G63 -> 188
C65: 45581 | D65: شريف الغول | F65: 87300 | G65: =F65-E65+G64 -> 87488
C66: 45585 | D66: الى بنك الاهلى | E66: 87000 | G66: =F66-E66+G65 -> 488
C67: 45585 | D67: مصروفات بنكيه | E67: 200 | G67: =F67-E67+G66 -> 288
C68: 45587 | D68: رضا ناجح | F68: 500000 | G68: =F68-E68+G67 -> 500288
C69: 45587 | D69: رضا ناجح | F69: 500000 | G69: =F69-E69+G68 -> 1000288
C70: 45587 | D70: رضا ناجح | F70: 161000 | G70: =F70-E70+G69 -> 1161288
C71: 45588 | D71: محمود العصاره (بدل الى حولهم نقدى) | E71: 600000 | G71: =F71-E71+G70 -> 561288
C72: 45592 | D72: اسمنت المصريين | E72: 561000 | G72: =F72-E72+G71 -> 288
C73: 45599 | D73: رضا ناجح (سلف) | F73: 500000 | G73: =F73-E73+G72 -> 500288
C74: 45598 | D74: الى البنك الاهلى | E74: 500000 | G74: =F74-E74+G73 -> 288
C75: 45598 | D75: مصروفات بنكيه | E75: 200 | G75: =F75-E75+G74 -> 88
C76: 45600 | D76: احمد سليمان فهمى | F76: 40200 | G76: =F76-E76+G75 -> 40288
C77: 45600 | D77: احمد سليمان فهمى | F77: 9800 | G77: =F77-E77+G76 -> 50088
C78: 45600 | D78: احمد سليمان فهمى | E78: 49900 | G78: =F78-E78+G77 -> 188
C79: 45600 | D79: احمد سليمان فهمى | E79: 100 | G79: =F79-E79+G78 -> 88
C80: 45602 | D80: رمضان الامام | F80: 12000000 | G80: =F80-E80+G79 -> 12000088
C81: 45602 | D81: الرضا ستيل | E81: 12000000 | G81: =F81-E81+G80 -> 88
C82: 45602 | D82: محمد احمد القوصيه ( تبع خالد جمال الافندى) | F82: 361000 | G82: =F82-E82+G81 -> 361088
C83: 45602 | D83: شراء تلفون للمخزن | E83: 6812 | G83: =F83-E83+G82 -> 354276
C84: 45603 | D84: محمد احمد القوصيه ( تبع خالد جمال الافندى) (مقدم 30طن عاده مصريين) | F84: 55000 | G84: =F84-E84+G83 -> 409276
C85: 45603 | D85: محمد احمد القوصيه ( تبع خالد جمال الافندى) (مقدم 30طن عاده مصريين) | F85: 27400 | G85: =F85-E85+G84 -> 436676
C86: 45607 | D86: من بنك مصر يوسف | F86: 64000 | G86: =F86-E86+G85 -> 500676
C87: 45607 | D87: الرضا ستيل | E87: 500000 | G87: =F87-E87+G86 -> 676
C88: 45608 | D88: بيع 10الاف دولار من قطعه تجارى ادارى سكنى رقم (5) | F88: 492500 | G88: =F88-E88+G87 -> 493176
C89: 45609 | D89: احمد عيد (هياخدهم نقدى) | F89: 1500000 | G89: =F89-E89+G88 -> 1993176
C90: 45609 | D90: اكتوبر ستيل | E90: 850000 | G90: =F90-E90+G89 -> 1143176
C91: 45610 | D91: عصام هاشم | E91: 88000 | G91: =F91-E91+G90 -> 1055176
C92: 45610 | D92: محمد احمد القوصيه (تبع خالد جمال الافندى)(مقدم مقاوم مصريين) | F92: 60000 | G92: =F92-E92+G91 -> 1115176
C93: 45610 | D93: محمد احمد القوصيه (تبع خالد جمال الافندى)(مقدم مقاوم مصريين) | F93: 10000 | G93: =F93-E93+G92 -> 1125176
C94: 45610 | D94: محمد احمد القوصيه (تبع خالد جمال الافندى)(مقدم مقاوم مصريين) | F94: 70000 | G94: =F94-E94+G93 -> 1195176
C95: 45612 | D95: احمد تايسون | E95: 100000 | G95: =F95-E95+G94 -> 1095176
C96: 45613 | D96: علاء ابو عيد معوض (هياخدهم نقدى ) | F96: 1200000 | G96: =F96-E96+G95 -> 2295176
C97: 45614 | D97: بنزين يوسف مصاريف | E97: 1000 | G97: =F97-E97+G96 -> 2294176
C98: 45615 | D98: الرضا ستيل | E98: 2294000 | G98: =F98-E98+G97 -> 176
C99: 45616 | D99: محمد احمد القوصيه (تبع خالد جمال الافندى)(استثمارى) | F99: 75500 | G99: =F99-E99+G98 -> 75676
C100: 45620 | D100: محمد احمد القوصيه ( 8 طن اسمنت ) | F100: 22400 | G100: =F100-E100+G99 -> 98076
C101: 45620 | D101: الى بنك مصر يوسف | E101: 97000 | G101: =F101-E101+G100 -> 1076
C102: 45620 | D102: المهندس فرح | F102: 600000 | G102: =F102-E102+G101 -> 601076
C103: 45623 | D103: بنزين يوسف مصاريف | E103: 2445 | G103: =F103-E103+G102 -> 598631
...

Sheet 6
C3: بنك الاسكندرية الشرق شركات
E5: =SUM(E8:E999) -> 128889927 | F5: =SUM(F8:F999) -> 128890052 | G5: =F5-E5 -> 125 | I5: الصفحة الرئيسية
C6: التاريخ | D6: الاسم | E6: الحركة | G6: الرصيد
E7: مدين | F7: دائن
C8: 24/7/2024 | D8: رصيد افتتاحي | F8: 74399 | G8: =F8-E8 -> 74399
C9: 30/7/2024 | D9: بنك الاسكندرية هشام يوسف | E9: 74000 | G9: =F9-E9+G8 -> 399
C10: 31/7/2024 | D10: مصاريف تشغيلية | E10: 150 | G10: =F10-E10+G9 -> 249
C11: 31/7/2024 | D11: مصاريف كشف حساب | E11: 50 | G11: =F11-E11+G10 -> 199
C12: 31/7/2024 | D12: فوائد | F12: 174 | G12: =F12-E12+G11 -> 373
C13: 45511 | D13: ايداع من يعقوب موسي سمعان | F13: 75400 | G13: =F13-E13+G12 -> 75773
C14: 45526 | D14: تحويل الى اسكندريه هشام شركات | E14: 75000 | G14: =F14-E14+G13 -> 773
C15: 45533 | D15: مصاريف تشغيلية | E15: 200 | G15: =F15-E15+G14 -> 573
C16: 45533 | D16: فوائد بنكيه | F16: 218 | G16: =F16-E16+G15 -> 791
C17: 45551 | D17: صفوت سمعان (مقدم حديد جيوشى 35500) | F17: 210000 | G17: =F17-E17+G16 -> 210791
C18: 45551 | D18: صفوت سمعان | F18: 30000 | G18: =F18-E18+G17 -> 240791
C19: 45551 | D19: تحويل الى اسكندريه هشام شركات | E19: 240000 | G19: =F19-E19+G18 -> 791
C20: 45554 | D20: صفوت سمعان | F20: 250000 | G20: =F20-E20+G19 -> 250791
C21: 45554 | D21: صفوت سمعان | F21: 160000 | G21: =F21-E21+G20 -> 410791
C22: 45557 | D22: صفوت سمعان (25 الف من مصرف ابو ظبى ) | F22: 25000 | G22: =F22-E22+G21 -> 435791
C23: 45557 | D23: مصروفات بنكيه | E23: 15 | G23: =F23-E23+G22 -> 435776
C24: 45559 | D24: صفوت سمعان | F24: 50000 | G24: =F24-E24+G23 -> 485776
C25: 45559 | D25: صفوت سمعان | F25: 70000 | G25: =F25-E25+G24 -> 555776
C26: 45560 | D26: احمد همام | E26: 555000 | G26: =F26-E26+G25 -> 776
C27: 45564 | D27: صفوت سمعان | F27: 90000 | G27: =F27-E27+G26 -> 90776
C28: 45564 | D28: صفوت سمعان | F28: 190000 | G28: =F28-E28+G27 -> 280776
C29: 45564 | D29: صفوت سمعان | F29: 100 | G29: =F29-E29+G28 -> 280876
C30: 45564 | D30: صفوت سمعان | F30: 59000 | G30: =F30-E30+G29 -> 339876
C31: 45564 | D31: تحويل الى اسكندريه هشام شركات | E31: 339000 | G31: =F31-E31+G30 -> 876
C32: 45565 | D32: مصاريف تشغيلية | E32: 150 | G32: =F32-E32+G31 -> 726
C33: 45565 | D33: مصروفات بنكيه | E33: 50 | G33: =F33-E33+G32 -> 676
C34: 45565 | D34: صفوت سمعان | F34: 145000 | G34: =F34-E34+G33 -> 145676
C35: 45565 | D35: صفوت سمعان (بنك ابو ظبى بأسم ياسر ابو السعود) | F35: 50000 | G35: =F35-E35+G34 -> 195676
C36: 45565 | D36: مصروفات بنكيه | E36: 15 | G36: =F36-E36+G35 -> 195661
C37: 45565 | D37: فوائد بنكيه | F37: 516 | G37: =F37-E37+G36 -> 196177
C38: 45566 | D38: صفوت سمعان | F38: 90000 | G38: =F38-E38+G37 -> 286177
C39: 45566 | D39: صفوت سمعان | F39: 70000 | G39: =F39-E39+G38 -> 356177
C40: 45566 | D40: صفوت سمعان | F40: 50000 | G40: =F40-E40+G39 -> 406177
C41: 45567 | D41: صفوت سمعان | F41: 200000 | G41: =F41-E41+G40 -> 606177
C42: 45567 | D42: صفوت سمعان | F42: 22000 | G42: =F42-E42+G41 -> 628177
C43: 45568 | D43: مصروفات بنكيه | E43: 15 | G43: =F43-E43+G42 -> 628162
C44: 45568 | D44: صفوت سمعان | F44: 309780 | G44: =F44-E44+G43 -> 937942
C45: 45568 | D45: صفوت سمعان | F45: 95000 | G45: =F45-E45+G44 -> 1032942
C46: 45568 | D46: صفوت سمعان | F46: 15000 | G46: =F46-E46+G45 -> 1047942
C47: 45571 | D47: صفوت سمعان | F47: 5350 | G47: =F47-E47+G46 -> 1053292
C48: 45573 | D48: اسمنت التعمير | E48: 310500 | G48: =F48-E48+G47 -> 742792
C49: 45573 | D49: مصروفات بنكيه | E49: 75 | G49: =F49-E49+G48 -> 742717
C50: 45574 | D50: الى بنك الاسكندريه هشام | E50: 552000 | G50: =F50-E50+G49 -> 190717
C51: 45545 | D51: صفوت سمعان | F51: 300000 | G51: =F51-E51+G50 -> 490717
C52: 45545 | D52: صفوت سمعان | F52: 35000 | G52: =F52-E52+G51 -> 525717
C53: 45578 | D53: صفوت سمعان | F53: 90700 | G53: =F53-E53+G52 -> 616417
C54: 45579 | D54: الى بنك الاسكندريه هشام | E54: 616000 | G54: =F54-E54+G53 -> 417
C55: 45582 | D55: صفوت سمعان | F55: 12750 | G55: =F55-E55+G54 -> 13167
C56: 45587 | D56: صفوت سمعان (100واصل اليوم سعر الجيوشى 35700) | F56: 100000 | G56: =F56-E56+G55 -> 113167
C57: 45588 | D57: شوكت سباكه | F57: 70000 | G57: =F57-E57+G56 -> 183167
C58: 45588 | D58: شوكت سباكه | F58: 30005 | G58: =F58-E58+G57 -> 213172
C59: 45589 | D59: صفوت سمعان | F59: 80000 | G59: =F59-E59+G58 -> 293172
C60: 45589 | D60: صفوت سمعان | F60: 100000 | G60: =F60-E60+G59 -> 393172
C61: 45594 | D61: صفوت سمعان | F61: 80000 | G61: =F61-E61+G60 -> 473172
C62: 45594 | D62: شوكت سباكه | F62: 50000 | G62: =F62-E62+G61 -> 523172
C63: 45595 | D63: صفوت سمعان | F63: 150000 | G63: =F63-E63+G62 -> 673172
C64: 45596 | D64: مصروفات بنكيه | E64: 200 | G64: =F64-E64+G63 -> 672972
C65: 45596 | D65: الرضا ستيل | E65: 672000 | G65: =F65-E65+G64 -> 972
C66: 45596 | D66: فوائد بنكيه | F66: 3362 | G66: =F66-E66+G65 -> 4334
C67: 45599 | D67: صفوت سمعان | F67: 22000 | G67: =F67-E67+G66 -> 26334
C68: 45599 | D68: صفوت سمعان | F68: 32500 | G68: =F68-E68+G67 -> 58834
C69: 45600 | D69: صفوت سمعان | F69: 90000 | G69: =F69-E69+G68 -> 148834
C70: 45602 | D70: حسونه ( واصل تحويل بنك مصر يوسف ) | F70: 1660000 | G70: =F70-E70+G69 -> 1808834
C71: 45602 | D71: صفوت سمعان | F71: 30150 | G71: =F71-E71+G70 -> 1838984
C72: 45602 | D72: اسمنت المصريين | E72: 1838000 | G72: =F72-E72+G71 -> 984
C73: 45602 | D73: مصروفات بنكيه | E73: 74 | G73: =F73-E73+G72 -> 910
C74: 45603 | D74: شوكت سباكه | F74: 60000 | G74: =F74-E74+G73 -> 60910
C75: 45606 | D75: من بيع قطعه تجارى ادارى سكنى رقم (5) | F75: 3793896 | G75: =F75-E75+G74 -> 3854806
C76: 45606 | D76: من بنك الاسكندريه سليم | F76: 246000 | G76: =F76-E76+G75 -> 4100806
C77: 45606 | D77: على محسن | E77: 4100000 | G77: =F77-E77+G76 -> 806
C78: 45606 | D78: مصروفات بنكيه | E78: 75 | G78: =F78-E78+G77 -> 731
C79: 45615 | D79: صفوة سمعان | F79: 40000 | G79: =F79-E79+G78 -> 40731
C80: 45616 | D80: صفوة سمعان | F80: 20000 | G80: =F80-E80+G79 -> 60731
C81: 45616 | D81: صفوة سمعان | F81: 70000 | G81: =F81-E81+G80 -> 130731
C82: 45616 | D82: صفوة سمعان | F82: 20300 | G82: =F82-E82+G81 -> 151031
C83: 45617 | D83: الى البنك الاهلى | E83: 150000 | G83: =F83-E83+G82 -> 1031
C84: 45617 | D84: مصروفات بنكيه | E84: 75 | G84: =F84-E84+G83 -> 956
C85: 45624 | D85: مصاريف تشغيلية | E85: 150 | G85: =F85-E85+G84 -> 806
C86: 45624 | D86: فوائد بنكيه | F86: 156 | G86: =F86-E86+G85 -> 962
C87: 45627 | D87: مصاريف كشف حساب | E87: 50 | G87: =F87-E87+G86 -> 912
C88: 45627 | D88: ايداع نقدى من يوميه سليم | F88: 3290000 | G88: =F88-E88+G87 -> 3290912
C89: 45628 | D89: الرضا ستيل | E89: 3290000 | G89: =F89-E89+G88 -> 912
C90: 45628 | D90: صفوت سمعان | F90: 80000 | G90: =F90-E90+G89 -> 80912
C91: 45631 | D91: صفوت سمعان | F91: 140000 | G91: =F91-E91+G90 -> 220912
C92: 45634 | D92: صفوت سمعان (مقدم حديد جيوشى 35000) | F92: 120000 | G92: =F92-E92+G91 -> 340912
C93: 45635 | D93: صفوت سمعان ( من حساب الحديد القديم) | F93: 45000 | G93: =F93-E93+G92 -> 385912
C94: 45636 | D94: صفوت سمعان | F94: 35000 | G94: =F94-E94+G93 -> 420912
C95: 45637 | D95: صفوت سمعان ( من باقى حساب الحديد والاسمنت القديم) | F95: 50000 | G95: =F95-E95+G94 -> 470912
C96: 45638 | D96: صفوت سمعان | F96: 70000 | G96: =F96-E96+G95 -> 540912
C97: 45638 | D97: الى بنك الاسكندريه هشام | E97: 540000 | G97: =F97-E97+G96 -> 912
C98: 45641 | D98: صفوت سمعان | F98: 4400 | G98: =F98-E98+G97 -> 5312
C99: 45645 | D99: صفوت سمعان ( عربون 20 طن جيوشى على سعر 34700 ) | F99: 410000 | G99: =F99-E99+G98 -> 415312
C100: 45645 | D100: صفوت سمعان (25 طن تعمير مقاوم + حديد جيوشى) | F100: 90000 | G100: =F100-E100+G99 -> 505312
C101: 45647 | D101: الى بنك الاسكندريه هشام | E101: 505000 | G101: =F101-E101+G100 -> 312
C102: 45649 | D102: صفوت سمعان | F102: 180000 | G102: =F102-E102+G101 -> 180312
C103: 45649 | D103: صفوت سمعان | F103: 24540 | G103: =F103-E103+G102 -> 204852
...

Sheet 7
C3: بنك ابو ظبى (الاول)
E5: =SUM(E8:E1000) -> 49925867 | F5: =SUM(F8:F1000) -> 50019451 | G5: =F5-E5 -> 93584 | I5: الصفحة الرئيسية
C6: التاريخ | D6: الاسم | E6: الحركة | G6: الرصيد
E7: مدين | F7: دائن
D8: رصيد افتتاحي | F8: 0 | G8: =F8-E8 -> 0
C9: 45634 | D9: من قطعه نجلاء | F9: 1000000 | G9: =F9-E9+G8 -> 1000000
C10: 45635 | D10: الى بنك الاسكندريه سليم | E10: 950000 | G10: =F10-E10+G9 -> 50000
C11: 45638 | D11: الحاج عبداللاه | F11: 600000 | G11: =F11-E11+G10 -> 650000
C12: 45638 | D12: من قطعه نجلاء | F12: 250000 | G12: =F12-E12+G11 -> 900000
C13: 45638 | D13: الى بنك الاسكندريه سليم | E13: 100000 | G13: =F13-E13+G12 -> 800000
C14: 45634 | D14: فيزا مشتريات ( ربط وديعه لأجل ) | E14: 10000 | G14: =F14-E14+G13 -> 790000
C15: 45638 | D15: مصروفات بنكيه | E15: 523 | G15: =F15-E15+G14 -> 789477
C16: 45648 | D16: الى بنك الاسكندريه سليم | E16: 750000 | G16: =F16-E16+G15 -> 39477
C17: 45648 | D17: مصروفات بنكيه | E17: 150 | G17: =F17-E17+G16 -> 39327
C18: 45648 | D18: المهندس فرح (شيك) | F18: 90000 | G18: =F18-E18+G17 -> 129327
C19: 45657 | D19: من بنك الاسكندريه يوسف | F19: 400000 | G19: =F19-E19+G18 -> 529327
C20: 45657 | D20: مصروفات بنكيه | E20: 25 | G20: =F20-E20+G19 -> 529302
C21: 45669 | D21: تحصيل شيك نجلاء | F21: 300000 | G21: =F21-E21+G20 -> 829302
C22: 45671 | D22: رضا ناجح (Prima life) | E22: 500000 | G22: =F22-E22+G21 -> 329302
C23: 45672 | D23: الى بنك الاسكندريه سليم | E23: 300000 | G23: =F23-E23+G22 -> 29302
C24: 45665 | D24: فوائد بنكيه | F24: 95 | G24: =F24-E24+G23 -> 29397
C25: 45677 | D25: اشرف عبدالمعطى (شيك) | F25: 100000 | G25: =F25-E25+G24 -> 129397
C26: 45686 | D26: الى بنك الاسكندريه سليم | E26: 128000 | G26: =F26-E26+G25 -> 1397
C27: 45689 | D27: مصروفات بنكيه | E27: 25 | G27: =F27-E27+G26 -> 1372
C28: 45697 | D28: فوائد بنكيه | F28: 96 | G28: =F28-E28+G27 -> 1468
C29: 45717 | D29: مصروفات بنكيه | E29: 25 | G29: =F29-E29+G28 -> 1443
C30: 45718 | D30: مصروفات بنكيه ( مديونيه فيزا المشتريات) | E30: 500 | G30: =F30-E30+G29 -> 943
C31: 45725 | D31: فوائد بنكيه | F31: 86 | G31: =F31-E31+G30 -> 1029
C32: 45729 | D32: اشرف عبدالمعطى (شيك) | F32: 100000 | G32: =F32-E32+G31 -> 101029
C33: 45732 | D33: اشرف عبدالمعطى (شيك) | F33: 200000 | G33: =F33-E33+G32 -> 301029
C34: 45735 | D34: اشرف عبدالمعطى (شيك) | F34: 100000 | G34: =F34-E34+G33 -> 401029
C35: 45739 | D35: الى بنك الاسكندريه سليم | E35: 100000 | G35: =F35-E35+G34 -> 301029
C36: 45739 | D36: الى بنك الاسكندريه سليم | E36: 300000 | G36: =F36-E36+G35 -> 1029
C37: 45740 | D37: اشرف عبدالمعطى (شيك) | F37: 200000 | G37: =F37-E37+G36 -> 201029
C38: 45743 | D38: خصم لتسديد مديونيه الفيزا | E38: 100 | G38: =F38-E38+G37 -> 200929
C39: 45750 | D39: مصاريف كشف حساب | E39: 25 | G39: =F39-E39+G38 -> 200904
C40: 45755 | D40: فائده بنكيه | F40: 95 | G40: =F40-E40+G39 -> 200999
C41: 45756 | D41: اشرف عبدالمعطى (شيك) | F41: 100000 | G41: =F41-E41+G40 -> 300999
C42: 45756 | D42: الى بنك الاسكندريه سليم | E42: 300000 | G42: =F42-E42+G41 -> 999
C43: 45764 | D43: ممدوح الملاخ (مقدم حديد السويس 36الف) | F43: 700000 | G43: =F43-E43+G42 -> 700999
C44: 45775 | D44: الى بنك الاسكندريه سليم | E44: 700000 | G44: =F44-E44+G43 -> 999
C45: 45777 | D45: خصم لتسديد مديونيه الفيزا | E45: 100 | G45: =F45-E45+G44 -> 899
C46: 45778 | D46: مصاريف كشف حساب | E46: 25 | G46: =F46-E46+G45 -> 874
C47: 45783 | D47: ممدوح الملاخ | F47: 197580 | G47: =F47-E47+G46 -> 198454
C48: 45785 | D48: فوائد بنكيه | F48: 93 | G48: =F48-E48+G47 -> 198547
C49: 45785 | D49: اشرف عبدالمعطى (شيك) | F49: 100000 | G49: =F49-E49+G48 -> 298547
C50: 45789 | D50: الى بنك الاسكندريه سليم | E50: 298000 | G50: =F50-E50+G49 -> 547
C51: 45790 | D51: اشرف عبدالمعطى (شيك) | F51: 100000 | G51: =F51-E51+G50 -> 100547
C52: 45791 | D52: ممدوح الملاخ | F52: 214488 | G52: =F52-E52+G51 -> 315035
C53: 45792 | D53: الى بنك الاسكندريه سليم | E53: 315000 | G53: =F53-E53+G52 -> 35
C54: 45802 | D54: اشرف عبدالمعطى | F54: 1000000 | G54: =F54-E54+G53 -> 1000035
C55: 45803 | D55: الى بنك الاسكندريه سليم | E55: 1000000 | G55: =F55-E55+G54 -> 35
C56: 45805 | D56: اشرف عبدالمعطى | F56: 500000 | G56: =F56-E56+G55 -> 500035
C57: 45805 | D57: الى بنك الاسكندريه سليم | E57: 500000 | G57: =F57-E57+G56 -> 35
C58: 45805 | D58: ممدوح الملاخ | F58: 150000 | G58: =F58-E58+G57 -> 150035
C59: 45805 | D59: الى بنك الاسكندريه سليم | E59: 150000 | G59: =F59-E59+G58 -> 35
C60: 45806 | D60: مصاريف كشف حساب | E60: 25 | G60: =F60-E60+G59 -> 10
C61: 45809 | D61: خصم لتسديد مديونيه الفيزا | E61: 10 | G61: =F61-E61+G60 -> 0
C62: 45809 | D62: ممدوح الملاخ | F62: 201200 | G62: =F62-E62+G61 -> 201200
C63: 45809 | D63: الى بنك الاسكندريه سليم | E63: 201000 | G63: =F63-E63+G62 -> 200
C64: 45809 | D64: اشرف عبدالمعطى | F64: 200000 | G64: =F64-E64+G63 -> 200200
C65: 45810 | D65: الى بنك الاسكندريه سليم | E65: 200000 | G65: =F65-E65+G64 -> 200
C66: 45812 | D66: اشرف عبد المعطى | F66: 300000 | G66: =F66-E66+G65 -> 300200
C67: 45818 | D67: الي بنك الاسكندريه سليم | E67: 300000 | G67: =F67-E67+G66 -> 200
C68: 45818 | D68: تحصيل من ممدوح الملاخ | F68: 243900 | G68: =F68-E68+G67 -> 244100
C69: 45818 | D69: فوائد بنكيه | F69: 95 | G69: =F69-E69+G68 -> 244195
C70: 45819 | D70: الى بنك الاسكندريه سليم | E70: 243900 | G70: =F70-E70+G69 -> 295
C71: 45823 | D71: شريف الغول | F71: 150000 | G71: =F71-E71+G70 -> 150295
C72: 45824 | D72: الى بنك الاسكندريه سليم | E72: 150000 | G72: =F72-E72+G71 -> 295
C73: 45826 | D73: اشرف عبد المعطى | F73: 300000 | G73: =F73-E73+G72 -> 300295
C74: 45827 | D74: الى بنك الاسكندريه سليم | E74: 300000 | G74: =F74-E74+G73 -> 295
C75: 45838 | D75: خصم لتسديد مديونيه الفيزا | E75: 194 | G75: =F75-E75+G74 -> 101
C76: 45838 | D76: مصاريف كشف حساب | E76: 25 | G76: =F76-E76+G75 -> 76
C77: 45844 | D77: اشرف عبد المعطى | F77: 200000 | G77: =F77-E77+G76 -> 200076
C78: 45845 | D78: الى بنك الاسكندريه سليم | E78: 200000 | G78: =F78-E78+G77 -> 76
C79: 45846 | D79: فائده بنكيه | F79: 74 | G79: =F79-E79+G78 -> 150
C80: 45847 | D80: اشرف عبد المعطى | F80: 200000 | G80: =F80-E80+G79 -> 200150
C81: 45848 | D81: الى بنك الاسكندريه سليم | E81: 200000 | G81: =F81-E81+G80 -> 150
C82: 45851 | D82: المهندس محمد البدري ٢٥طن ع مصريين | F82: 95000 | G82: =F82-E82+G81 -> 95150
C83: 45853 | D83: الى بنك الاسكندريه سليم | E83: 95000 | G83: =F83-E83+G82 -> 150
C84: 45855 | D84: اشرف عبد المعطى | F84: 200000 | G84: =F84-E84+G83 -> 200150
C85: 45859 | D85: الى بنك الاسكندريه سليم | E85: 200000 | G85: =F85-E85+G84 -> 150
C86: 45869 | D86: اشرف عبد المعطى | F86: 200000 | G86: =F86-E86+G85 -> 200150
C87: 45871 | D87: خصم لتسديد مديونيه الفيزا + مصاريف اداريه | E87: 125 | G87: =F87-E87+G86 -> 200025
C88: 45873 | D88: الى بنك الاسكندريه سليم | E88: 200000 | G88: =F88-E88+G87 -> 25
C89: 45876 | D89: محمد البدارى (مستشفى الساحل) | F89: 95000 | G89: =F89-E89+G88 -> 95025
C90: 45876 | D90: اشرف عبد المعطى | F90: 400000 | G90: =F90-E90+G89 -> 495025
C91: 45879 | D91: فوائد بنكيه | F91: 76 | G91: =F91-E91+G90 -> 495101
C92: 45879 | D92: الى بنك الاسكندريه سليم | E92: 495000 | G92: =F92-E92+G91 -> 101
C93: 45880 | D93: اشرف عبد المعطى | F93: 1000000 | G93: =F93-E93+G92 -> 1000101
C94: 45880 | D94: الرضا ستيل | E94: 500000 | G94: =F94-E94+G93 -> 500101
C95: 45881 | D95: الرضا ستيل | E95: 500000 | G95: =F95-E95+G94 -> 101
C96: 45889 | D96: محمد البدارى (مستشفى الساحل) | F96: 94500 | G96: =F96-E96+G95 -> 94601
C97: 45889 | D97: الرضا ستيل | E97: 94500 | G97: =F97-E97+G96 -> 101
C98: 45896 | D98: اشرف عبد المعطى | F98: 100000 | G98: =F98-E98+G97 -> 100101
C99: 45896 | D99: الرضا ستيل | E99: 100000 | G99: =F99-E99+G98 -> 101
C100: 45900 | D100: خصم تسديد مديونيه الفيزا | E100: 101 | G100: =F100-E100+G99 -> 0
C101: 45902 | D101: محمد البدارى (مستشفى الساحل) | F101: 94500 | G101: =F101-E101+G100 -> 94500
C102: 45902 | D102: الرضا ستيل | E102: 94000 | G102: =F102-E102+G101 -> 500
C103: 45902 | D103: اشرف عبد المعطى | F103: 200000 | G103: =F103-E103+G102 -> 200500
...

Sheet 8
C3: انستا باى بنك الاسكندريه
E5: =SUM(E8:E1000) -> 16356752 | F5: =SUM(F8:F1000) -> 16362658 | G5: =F5-E5 -> 5906 | I5: الصفحة الرئيسية
C6: التاريخ | D6: الاسم | E6: الحركة | G6: الرصيد
E7: مدين | F7: دائن
D8: رصيد افتتاحي | F8: 5118 | G8: =F8-E8 -> 5118
C9: 45610 | D9: احمد فوزى المهركه | F9: 200000 | G9: =F9-E9+G8 -> 205118
C10: 45621 | D10: صفوت مطحن الدوليه | E10: 40000 | G10: =F10-E10+G9 -> 165118
C11: 45624 | D11: عمولة مايكل العربية الهيونداى | E11: 5000 | G11: =F11-E11+G10 -> 160118
C12: 45625 | D12: اسمنت اسيوط | E12: 31000 | G12: =F12-E12+G11 -> 129118
C13: 45632 | D13: مصروفات | E13: 280 | G13: =F13-E13+G12 -> 128838
C14: 45632 | D14: بنزين | E14: 1000 | G14: =F14-E14+G13 -> 127838
C15: 45633 | D15: قسط شقه الهضبه (شهر11) | E15: 52082 | G15: =F15-E15+G14 -> 75756
C16: 45633 | D16: قسط شقه الهضبه (شهر8) | E16: 55992 | G16: =F16-E16+G15 -> 19764
C17: 45634 | D17: سليم يوسف مصاريف | E17: 1298 | G17: =F17-E17+G16 -> 18466
C18: 45635 | D18: بنزين | E18: 1212 | G18: =F18-E18+G17 -> 17254
C19: 45637 | D19: شراء الطابعه | E19: 8416 | G19: =F19-E19+G18 -> 8838
C20: 45621 | D20: مصاريف يوسف سليم | E20: 2865 | G20: =F20-E20+G19 -> 5973
C21: 45647 | D21: محمد مختار (اخدهم نقدى)(سليم افراد) | F21: 1000000 | G21: =F21-E21+G20 -> 1005973
C22: 45647 | D22: الى بنك الاسكندريه سليم | E22: 50000 | G22: =F22-E22+G21 -> 955973
C23: 45647 | D23: الى بنك الاسكندريه سليم | E23: 70000 | G23: =F23-E23+G22 -> 885973
C24: 45649 | D24: الى بنك الاسكندريه سليم | E24: 880000 | G24: =F24-E24+G23 -> 5973
C25: 45657 | D25: من بنك الاسكندريه يوسف | F25: 500000 | G25: =F25-E25+G24 -> 505973
C26: 45659 | D26: الى بنك الاسكندريه سليم | E26: 500000 | G26: =F26-E26+G25 -> 5973
C27: 45657 | D27: مصاريف تشغيليه | E27: 330 | G27: =F27-E27+G26 -> 5643
C28: 45703 | D28: من بنك الاسكندريه سليم | F28: 67500 | G28: =F28-E28+G27 -> 73143
C29: 45703 | D29: تشطيب شقه مدينتى | E29: 67500 | G29: =F29-E29+G28 -> 5643
C30: 45708 | D30: من بنك الاسكندريه سليم | F30: 50000 | G30: =F30-E30+G29 -> 55643
C31: 45708 | D31: نولون احمد يوسف (نقله بدر) | E31: 15800 | G31: =F31-E31+G30 -> 39843
C32: 45709 | D32: سليم يوسف مصاريف | E32: 1130 | G32: =F32-E32+G31 -> 38713
C33: 45709 | D33: سليم يوسف مصاريف | E33: 143 | G33: =F33-E33+G32 -> 38570
C34: 45709 | D34: نولون اخو رجب (محمد عبده) | E34: 8400 | G34: =F34-E34+G33 -> 30170
C35: 45709 | D35: واصل شبرا | E35: 1000 | G35: =F35-E35+G34 -> 29170
C36: 45711 | D36: سليم يوسف مصاريف | E36: 800 | G36: =F36-E36+G35 -> 28370
C37: 45712 | D37: احمد سليمان فهمى (20 طن عاده مصريين) | F37: 64000 | G37: =F37-E37+G36 -> 92370
C38: 45715 | D38: محمد مختار (شيك) | F38: 300000 | G38: =F38-E38+G37 -> 392370
C39: 45715 | D39: سحب نقدى (واصل يوميه سليم) | E39: 250000 | G39: =F39-E39+G38 -> 142370
C40: 45721 | D40: الى بنك الاسكندريه سليم | E40: 70000 | G40: =F40-E40+G39 -> 72370
C41: 45721 | D41: الى بنك الاسكندريه سليم | E41: 50000 | G41: =F41-E41+G40 -> 22370
C42: 45723 | D42: نولون ترلة | E42: 15000 | G42: =F42-E42+G41 -> 7370
C43: 45723 | D43: سليم يوسف مصاريف | E43: 72 | G43: =F43-E43+G42 -> 7298
C44: 45723 | D44: سليم يوسف مصاريف | E44: 396 | G44: =F44-E44+G43 -> 6902
C45: 45723 | D45: سليم يوسف مصاريف | E45: 697 | G45: =F45-E45+G44 -> 6205
C46: 45724 | D46: مصاريف تشغيليه (محاسب عليه) | E46: 1633 | G46: =F46-E46+G45 -> 4572
C47: 45725 | D47: من بنك الاسكندريه سليم | F47: 50000 | G47: =F47-E47+G46 -> 54572
C48: 45725 | D48: احمد سليمان فهمى (مكان الى حولهم ف بنك الاسكندريه سليم) | E48: 50000 | G48: =F48-E48+G47 -> 4572
C49: 45727 | D49: مؤمن ابو عوف | F49: 65600 | G49: =F49-E49+G48 -> 70172
C50: 45737 | D50: سليم يوسف مصاريف | E50: 26600 | G50: =F50-E50+G49 -> 43572
C51: 45743 | D51: نولون رمضان شفيق | E51: 13700 | G51: =F51-E51+G50 -> 29872
C52: 45743 | D52: سليم يوسف مصاريف | E52: 25000 | G52: =F52-E52+G51 -> 4872
C53: 45753 | D53: مينا صفوت (25طن مقاوم مصريين) | F53: 60000 | G53: =F53-E53+G52 -> 64872
C54: 45753 | D54: مينا صفوت (25طن مقاوم مصريين) | F54: 20750 | G54: =F54-E54+G53 -> 85622
C55: 45759 | D55: محمد سليمان فهمى | F55: 50000 | G55: =F55-E55+G54 -> 135622
C56: 45759 | D56: محمد سليمان فهمى | F56: 50000 | G56: =F56-E56+G55 -> 185622
C57: 45759 | D57: الدكتور مصطفى عابدين | F57: 70000 | G57: =F57-E57+G56 -> 255622
C58: 45759 | D58: الدكتور مصطفى عابدين | F58: 45000 | G58: =F58-E58+G57 -> 300622
C59: 45759 | D59: الدكتور مصطفى عابدين | F59: 70000 | G59: =F59-E59+G58 -> 370622
C60: 45759 | D60: الدكتور مصطفى عابدين (235000) | F60: 50000 | G60: =F60-E60+G59 -> 420622
C61: 45767 | D61: على محمد (اسمنت) | F61: 5000 | G61: =F61-E61+G60 -> 425622
C62: 45767 | D62: على محمد (اسمنت) | F62: 2000 | G62: =F62-E62+G61 -> 427622
C63: 45768 | D63: على محمد (اسمنت) | F63: 10600 | G63: =F63-E63+G62 -> 438222
C64: 45768 | D64: على محمد (اسمنت) | F64: 50 | G64: =F64-E64+G63 -> 438272
C65: 45769 | D65: فضل النزلة (نولون نقله السويس) | E65: 20400 | G65: =F65-E65+G64 -> 417872
C66: 45769 | D66: يوسف فتحى | E66: 20000 | G66: =F66-E66+G65 -> 397872
C67: 45770 | D67: على المعلمين (30طن ×3450 مقاوم اسيوط) | F67: 50000 | G67: =F67-E67+G66 -> 447872
C68: 45770 | D68: على المعلمين (30طن ×3450 مقاوم اسيوط) | F68: 53500 | G68: =F68-E68+G67 -> 501372
C69: 45753 | D69: مينا صفوت (باقى ثمن 25 طن عادة) | F69: 1000 | G69: =F69-E69+G68 -> 502372
C70: 45778 | D70: مؤمن ابو عوف | F70: 40000 | G70: =F70-E70+G69 -> 542372
C71: 45778 | D71: مؤمن ابو عوف | F71: 30000 | G71: =F71-E71+G70 -> 572372
C72: 45782 | D72: احمد تايسون (جابهم نقدى) | E72: 5000 | G72: =F72-E72+G71 -> 567372
C73: 45782 | D73: احمد تايسون (جابهم نقدى) | E73: 70000 | G73: =F73-E73+G72 -> 497372
C74: 45781 | D74: مؤمن ابو عوف | F74: 25000 | G74: =F74-E74+G73 -> 522372
C75: 45784 | D75: مؤمن ابو عوف | F75: 20000 | G75: =F75-E75+G74 -> 542372
C76: 45785 | D76: مؤمن ابو عوف | F76: 20000 | G76: =F76-E76+G75 -> 562372
C77: 45785 | D77: مصاريف تحويل | E77: 500 | G77: =F77-E77+G76 -> 561872
C78: 45769 | D78: سليم يوسف مصاريف ( اسماك الحمد) | E78: 3518 | G78: =F78-E78+G77 -> 558354
C79: 45787 | D79: مصاريف بنكيه (محاسب عليه حتى 10-5-2025) | E79: 1057 | G79: =F79-E79+G78 -> 557297
C80: 45787 | D80: نولون مينا مدحت | E80: 18900 | G80: =F80-E80+G79 -> 538397
C81: 45787 | D81: رسوم تحويل | E81: 20 | G81: =F81-E81+G80 -> 538377
C82: 45789 | D82: صفوت سمعان | F82: 50000 | G82: =F82-E82+G81 -> 588377
C83: 45790 | D83: صفوت سمعان | F83: 70000 | G83: =F83-E83+G82 -> 658377
C84: 45790 | D84: الى بنك الاسكندريه سليم | E84: 530000 | G84: =F84-E84+G83 -> 128377
C85: 45791 | D85: صفوت سمعان | F85: 70000 | G85: =F85-E85+G84 -> 198377
C86: 45791 | D86: صفوت سمعان | F86: 50000 | G86: =F86-E86+G85 -> 248377
C87: 45792 | D87: صفوت سمعان | F87: 70000 | G87: =F87-E87+G86 -> 318377
C88: 45792 | D88: صفوت سمعان | F88: 6900 | G88: =F88-E88+G87 -> 325277
C89: 45792 | D89: الى بنك الاسكندريه سليم | E89: 320000 | G89: =F89-E89+G88 -> 5277
C90: 45795 | D90: من بنك الاسكندريه سليم | F90: 50000 | G90: =F90-E90+G89 -> 55277
C91: 45796 | D91: من بنك الاسكندريه سليم | F91: 50000 | G91: =F91-E91+G90 -> 105277
C92: 45796 | D92: شراء كاوتش الترله الزرقاء | E92: 38100 | G92: =F92-E92+G91 -> 67177
C93: 45796 | D93: نولون صبحي نقله العالمين | E93: 19200 | G93: =F93-E93+G92 -> 47977
C94: 45796 | D94: نولون احمد محمد حلمي حديد | E94: 16600 | G94: =F94-E94+G93 -> 31377
C95: 45796 | D95: نولون عبدالظاهر محمد (25 طن فردانى) | E95: 3500 | G95: =F95-E95+G94 -> 27877
C96: 45797 | D96: محمود فوزى بنى زيد | F96: 50000 | G96: =F96-E96+G95 -> 77877
C97: 45795 | D97: نولون محمد خالد | E97: 7000 | G97: =F97-E97+G96 -> 70877
C98: 45795 | D98: نولون محمد مصطفى | E98: 3500 | G98: =F98-E98+G97 -> 67377
C99: 45797 | D99: الى بنك الاسكندريه سليم | E99: 62000 | G99: =F99-E99+G98 -> 5377
C100: 45798 | D100: محمود فوزى بنى زيد | F100: 37500 | G100: =F100-E100+G99 -> 42877
C101: 45798 | D101: مؤمن ابو عوف | F101: 10000 | G101: =F101-E101+G100 -> 52877
C102: 45799 | D102: طارق اسيوط الجديدة | F102: 23875 | G102: =F102-E102+G101 -> 76752
C103: 45799 | D103: اسمنت التعمير | E103: 7500 | G103: =F103-E103+G102 -> 69252
...

Sheet 9
C3: انستا باي بنك الاهلى
E5: =SUM(E8:E2000) -> 25834066 | F5: =SUM(F8:F2000) -> 26357776 | G5: =F5-E5 -> 523710 | I5: الصفحة الرئيسية
C6: التاريخ | D6: الاسم | E6: الحركة | G6: الرصيد
E7: مدين | F7: دائن
C8: 45474 | D8: رصيد افتتاحي | F8: 16344 | G8: =F8-E8 -> 16344
C9: 45474 | D9: مصاريف بنكيه | E9: 75 | G9: =F9-E9+G8 -> 16269
C10: 45477 | D10: من الاهلي شركات | F10: 250000 | G10: =F10-E10+G9 -> 266269
C11: 45477 | D11: سحب نقدي شيكات | E11: 250000 | G11: =F11-E11+G10 -> 16269
C12: 45481 | D12: محمود الفوال | F12: 40000 | G12: =F12-E12+G11 -> 56269
C13: 22/7/2024 | D13: مقدم سيستم الحسابات | E13: 10000 | G13: =F13-E13+G12 -> 46269
C14: 26/7/2024 | D14: نولون نقلتين صبحي | E14: 26400 | G14: =F14-E14+G13 -> 19869
C15: 27/7/2024 | D15: مقدم سيستم الحسابات | E15: 3500 | G15: =F15-E15+G14 -> 16369
C16: 28/7/2024 | D16: عمر الشهر العقاري في المصاريف | E16: 400 | G16: =F16-E16+G15 -> 15969
C17: 29/7/2024 | D17: احمد فاروق الحاسب في المصاريف | E17: 80 | G17: =F17-E17+G16 -> 15889
C18: 30/7/2024 | D18: من الاهلي شركات | F18: 35000 | G18: =F18-E18+G17 -> 50889
C19: 30/7/2024 | D19: الي الاسكندريه شركات | E19: 47000 | G19: =F19-E19+G18 -> 3889
C20: 30/7/2024 | D20: من الاهلي شركات | F20: 120000 | G20: =F20-E20+G19 -> 123889
C21: 30/7/2024 | D21: رضا ناجح سلف | E21: 70000 | G21: =F21-E21+G20 -> 53889
C22: 30/7/2024 | D22: من الاهلي شركات | F22: 48000 | G22: =F22-E22+G21 -> 101889
C23: 31/7/2024 | D23: رضا ناجح سلف | E23: 30000 | G23: =F23-E23+G22 -> 71889
C24: 31/7/2024 | D24: رضا ناجح سلف | E24: 70000 | G24: =F24-E24+G23 -> 1889
C25: 45505 | D25: عمر الشهر العقاري في المصاريف | E25: 200 | G25: =F25-E25+G24 -> 1689
C26: 45505 | D26: من الاهلي شركات | F26: 50000 | G26: =F26-E26+G25 -> 51689
C27: 45505 | D27: نولون 70 طن مقاوم حسام زكي | E27: 7000 | G27: =F27-E27+G26 -> 44689
C28: 45505 | D28: نولون 25 طن مقاوم علي فروجه راحت لجمال سيد | E28: 2750 | G28: =F28-E28+G27 -> 41939
C29: 45505 | D29: مصاريف بنكيه | E29: 10 | G29: =F29-E29+G28 -> 41929
C30: 45506 | D30: سليم يوسف مصاريف شحن نت | E30: 243 | G30: =F30-E30+G29 -> 41686
C31: 45506 | D31: نولون صبحي 50 طن عز | E31: 15500 | G31: =F31-E31+G30 -> 26186
C32: 45506 | D32: نولون نقله الحج عبداللاه جيوشي | E32: 14000 | G32: =F32-E32+G31 -> 12186
C33: 45507 | D33: سليم يوسف مصاريف واصل علي اسامه | E33: 3000 | G33: =F33-E33+G32 -> 9186
C34: 45507 | D34: من الاهلي شركات | F34: 50000 | G34: =F34-E34+G33 -> 59186
C35: 45507 | D35: علي اسامه حولهم فودافون كاش | E35: 18000 | G35: =F35-E35+G34 -> 41186
C36: 45508 | D36: ابانوب عفت | F36: 70000 | G36: =F36-E36+G35 -> 111186
C37: 45508 | D37: علي همام عموله المخزن | E37: 20000 | G37: =F37-E37+G36 -> 91186
C38: 45508 | D38: علي همام عموله المخزن | E38: 10000 | G38: =F38-E38+G37 -> 81186
C39: 45509 | D39: شراء لابتوب | E39: 9750 | G39: =F39-E39+G38 -> 71436
C40: 45510 | D40: مصاريف بنكيه | E40: 30 | G40: =F40-E40+G39 -> 71406
C41: 45511 | D41: يوسف يوسف تحويل لمحمود غلمي عهده تصليح | E41: 15000 | G41: =F41-E41+G40 -> 56406
C42: 45511 | D42: يوسف يوسف تحويل لمحمود غلمي عهده تصليح | E42: 15000 | G42: =F42-E42+G41 -> 41406
C43: 45512 | D43: نولون عاطف نقله عياد | E43: 15620 | G43: =F43-E43+G42 -> 25786
C44: 45512 | D44: نولون صبحي 50 طن عز | E44: 16000 | G44: =F44-E44+G43 -> 9786
C45: 45515 | D45: يوسف يوسف تحويل لمحمود غلمي عهده تصليح | E45: 2300 | G45: =F45-E45+G44 -> 7486
C46: 45515 | D46: يوسف يوسف تحويل لمحمود غلمي عهده تصليح | E46: 5000 | G46: =F46-E46+G45 -> 2486
C47: 13/8/2024 | D47: تصليح العربيه الجامبو يد عبدالله السليني | E47: 2375 | G47: =F47-E47+G46 -> 111
C48: 45522 | D48: تحصيل الشيخ خالد | F48: 70000 | G48: =F48-E48+G47 -> 70111
C49: 45522 | D49: على اسامه سلف تحويل لبنك اسكندريه | E49: 5000 | G49: =F49-E49+G48 -> 65111
C50: 45525 | D50: الشيخ سيد عبد العزيز | E50: 23500 | G50: =F50-E50+G49 -> 41611
C51: 45526 | D51: اسمنت اسيوط | E51: 5000 | G51: =F51-E51+G50 -> 36611
C52: 45531 | D52: اسكندريه يوسف | E52: 36000 | G52: =F52-E52+G51 -> 611
C53: 45531 | D53: البنك الاهلى شركات | F53: 90000 | G53: =F53-E53+G52 -> 90611
C54: 45532 | D54: البنك الاهلى شركات | F54: 45000 | G54: =F54-E54+G53 -> 135611
C55: 45531 | D55: بنك الاسكندريه يوسف | E55: 70000 | G55: =F55-E55+G54 -> 65611
C56: 45531 | D56: بنك الاسكندريه يوسف | E56: 14000 | G56: =F56-E56+G55 -> 51611
C57: 45532 | D57: الشيخ سيد عبد العزيز | E57: 46500 | G57: =F57-E57+G56 -> 5111
C58: 45531 | D58: مؤمن المطيعه | F58: 100 | G58: =F58-E58+G57 -> 5211
C59: 45532 | D59: مصاريف بنكيه | E59: 4 | G59: =F59-E59+G58 -> 5207
C60: 45533 | D60: بنك الاسكندريه يوسف | E60: 5000 | G60: =F60-E60+G59 -> 207
C61: 45536 | D61: ابانوب عفت | F61: 70000 | G61: =F61-E61+G60 -> 70207
C62: 45538 | D62: ابانوب عفت | F62: 70000 | G62: =F62-E62+G61 -> 140207
C63: 45538 | D63: بنك الاسكندريه هشام | E63: 70000 | G63: =F63-E63+G62 -> 70207
C64: 45538 | D64: بنك الاسكندريه هشام | E64: 50000 | G64: =F64-E64+G63 -> 20207
C65: 45545 | D65: ابانوب عفت | F65: 49000 | G65: =F65-E65+G64 -> 69207
C66: 45545 | D66: حسين بنى مر ( 15 طن مقاوم مصرين ) | F66: 39450 | G66: =F66-E66+G65 -> 108657
C67: 45546 | D67: احمد عبده السباك (استمارات مسكن) | E67: 70000 | G67: =F67-E67+G66 -> 38657
C68: 45546 | D68: احمد عبده السباك (استمارات مسكن) | E68: 35600 | G68: =F68-E68+G67 -> 3057
C69: 45547 | D69: على اسامه ( 5طن عاده مصرين تحميل اليوم ) | F69: 12500 | G69: =F69-E69+G68 -> 15557
C70: 45547 | D70: واصل البنك الاهلى شركات | E70: 9000 | G70: =F70-E70+G69 -> 6557
C71: 45549 | D71: فاتوره اتصالات | E71: 532 | G71: =F71-E71+G70 -> 6025
C72: 45551 | D72: مصطفى الاكثر تميز | F72: 50000 | G72: =F72-E72+G71 -> 56025
C73: 45551 | D73: مصاريف | E73: 31 | G73: =F73-E73+G72 -> 55994
C74: 45555 | D74: سليم يوسف مصاريف | E74: 2000 | G74: =F74-E74+G73 -> 53994
C75: 45556 | D75: احمد عبده السباك (استمارات مسكن) | E75: 40000 | G75: =F75-E75+G74 -> 13994
C76: 45559 | D76: ضرايب شهر 8 | E76: 3200 | G76: =F76-E76+G75 -> 10794
C77: 45560 | D77: واصل البنك الاهلى شركات | E77: 2000 | G77: =F77-E77+G76 -> 8794
C78: 45560 | D78: كيرلس موسى | F78: 3250 | G78: =F78-E78+G77 -> 12044
C79: 45565 | D79: واصل البنك الاهلى شركات | E79: 4000 | G79: =F79-E79+G78 -> 8044
C80: 45566 | D80: سليم يوسف مصاريف | E80: 2000 | G80: =F80-E80+G79 -> 6044
C81: 45567 | D81: احمد السخى (مقدم 1.5طن استثمارى) | F81: 52500 | G81: =F81-E81+G80 -> 58544
C82: 45567 | D82: يوسف يوسف مصاريف | E82: 4050 | G82: =F82-E82+G81 -> 54494
C83: 45567 | D83: مصاريف | E83: 127 | G83: =F83-E83+G82 -> 54367
C84: 45569 | D84: على اسامه من حساب ال20 طن عادة مصريين | F84: 50000 | G84: =F84-E84+G83 -> 104367
C85: 45570 | D85: واصل جمال سيد اولاد ابراهيم | E85: 42000 | G85: =F85-E85+G84 -> 62367
C86: 45570 | D86: رضا ناجح حساب اخر 2طن مقاوم | F86: 5300 | G86: =F86-E86+G85 -> 67667
C87: 45572 | D87: ابانوب عفت | F87: 70000 | G87: =F87-E87+G86 -> 137667
C88: 45572 | D88: ابانوب عفت | F88: 30000 | G88: =F88-E88+G87 -> 167667
C89: 45577 | D89: عهده السورى تصليح اللودر | E89: 6000 | G89: =F89-E89+G88 -> 161667
C90: 45579 | D90: على اسامه سلف | E90: 35000 | G90: =F90-E90+G89 -> 126667
C91: 45581 | D91: يوسف فتحى | E91: 20000 | G91: =F91-E91+G90 -> 106667
C92: 45581 | D92: نولون خالد جمال حساب (50طن) | E92: 3750 | G92: =F92-E92+G91 -> 102917
C93: 45581 | D93: عاطف المسعودى | E93: 5000 | G93: =F93-E93+G92 -> 97917
C94: 45581 | D94: تحويل الى بنك الاسكندريه هشام | E94: 60000 | G94: =F94-E94+G93 -> 37917
C95: 45581 | D95: تحويل الى بنك الاهلى | E95: 10000 | G95: =F95-E95+G94 -> 27917
C96: 45581 | D96: ابانوب عفت | F96: 67500 | G96: =F96-E96+G95 -> 95417
C97: 45582 | D97: نوالين خالد جمال | E97: 5000 | G97: =F97-E97+G96 -> 90417
C98: 45582 | D98: نولون صبحى | E98: 12300 | G98: =F98-E98+G97 -> 78117
C99: 45582 | D99: نولون 25 طن طارق رفعت | E99: 3000 | G99: =F99-E99+G98 -> 75117
C100: 45583 | D100: ايجار مكتب داون تاون اسيوط الجديده شهر 6و7و8و9و10و11و12 | E100: 28000 | G100: =F100-E100+G99 -> 47117
C101: 45585 | D101: ابانوب عفت | F101: 70000 | G101: =F101-E101+G100 -> 117117
C102: 45586 | D102: وليد توفيق | F102: 10000 | G102: =F102-E102+G101 -> 127117
C103: 45586 | D103: تحويل الى بنك الاسكندريه هشام | E103: 70000 | G103: =F103-E103+G102 -> 57117
...

Sheet 10
C3: فودافون كاش
E5: =SUM(E8:E998) -> 4078825 | F5: =SUM(F8:F998) -> 4090134 | G5: =F5-E5 -> 11309 | I5: الصفحة الرئيسية
C6: التاريخ | D6: الاسم | E6: الحركة | G6: الرصيد
E7: مدين | F7: دائن
C8: 45476 | D8: رصيد افتتاحي | F8: 91120 | G8: =F8-E8 -> 91120
C9: 45475 | D9: سليم يوسف مصاريف | E9: 2505 | G9: =F9-E9+G8 -> 88615
C10: 45476 | D10: شحن محمود المهدي | E10: 115 | G10: =F10-E10+G9 -> 88500
C11: 45477 | D11: نولون سواق المخزن | E11: 4250 | G11: =F11-E11+G10 -> 84250
C12: 45477 | D12: نولون محمد سعد اخد الف جنيه من سيد ابوخريبه | E12: 15600 | G12: =F12-E12+G11 -> 68650
C13: 45478 | D13: نوالين صبحي | E13: 22700 | G13: =F13-E13+G12 -> 45950
C14: 45479 | D14: عهده شراء كاوتش لودر يد سيد الصقر | E14: 5000 | G14: =F14-E14+G13 -> 40950
C15: 45479 | D15: نولون 25طن راحت لجمال سيد اولاد ابراهيم | E15: 2625 | G15: =F15-E15+G14 -> 38325
C16: 45481 | D16: عهده عصام فتحي وهيب | E16: 500 | G16: =F16-E16+G15 -> 37825
C17: 45482 | D17: شحن كارت الكهربا | E17: 517 | G17: =F17-E17+G16 -> 37308
C18: 45482 | D18: عهده عصام فتحي وهيب | E18: 6400 | G18: =F18-E18+G17 -> 30908
C19: 45482 | D19: وليد توفيق | F19: 10000 | G19: =F19-E19+G18 -> 40908
C20: 45482 | D20: يوسف يوسف | E20: 3000 | G20: =F20-E20+G19 -> 37908
C21: 45483 | D21: يوسف يوسف | E21: 2700 | G21: =F21-E21+G20 -> 35208
C22: 45487 | D22: نولون احمد فرغلي نقله عبدالرحيم الساحل | E22: 2780 | G22: =F22-E22+G21 -> 32428
C23: 45487 | D23: طارق رفعت | E23: 5625 | G23: =F23-E23+G22 -> 26803
C24: 45488 | D24: نولون فارس اسامه | E24: 4425 | G24: =F24-E24+G23 -> 22378
C25: 45488 | D25: وليد توفيق | F25: 21200 | G25: =F25-E25+G24 -> 43578
C26: 45488 | D26: فاتوره فودافون | E26: 913 | G26: =F26-E26+G25 -> 42665
C27: 45491 | D27: نوالين صبحي | E27: 14450 | G27: =F27-E27+G26 -> 28215
C28: 45492 | D28: نولون احمد محمود | E28: 4280 | G28: =F28-E28+G27 -> 23935
C29: 45493 | D29: شحن رصيد محمود المهدي | E29: 100 | G29: =F29-E29+G28 -> 23835
C30: 45493 | D30: نولون عاطف تريلا | E30: 13000 | G30: =F30-E30+G29 -> 10835
C31: 45493 | D31: راشد الواسطي | F31: 19000 | G31: =F31-E31+G30 -> 29835
C32: 45493 | D32: راشد الواسطي | F32: 20590 | G32: =F32-E32+G31 -> 50425
C33: 45493 | D33: نولون نقله جيوشي راحت لعبداللاه | E33: 12000 | G33: =F33-E33+G32 -> 38425
C34: 45494 | D34: فاتوره فودافون | E34: 2600 | G34: =F34-E34+G33 -> 35825
C35: 45494 | D35: نولون طارق رفعت | E35: 11000 | G35: =F35-E35+G34 -> 24825
C36: 45495 | D36: نولون مصطفي بركات | E36: 4200 | G36: =F36-E36+G35 -> 20625
C37: 45498 | D37: نولون عاطف تريلا | E37: 12000 | G37: =F37-E37+G36 -> 8625
C38: 45501 | D38: احمد هيبك الكلابات | F38: 4000 | G38: =F38-E38+G37 -> 12625
C39: 45501 | D39: احمد هيبك الكلابات | F39: 2375 | G39: =F39-E39+G38 -> 15000
C40: 45502 | D40: حسين اسيوط الجديده تاجر اسمنت | F40: 12000 | G40: =F40-E40+G39 -> 27000
C41: 45502 | D41: نولون علي فروجه | E41: 2800 | G41: =F41-E41+G40 -> 24200
C42: 45503 | D42: سليم يوسف مصاريف | E42: 2000 | G42: =F42-E42+G41 -> 22200
C43: 45503 | D43: نوالين صبحي | E43: 14700 | G43: =F43-E43+G42 -> 7500
C44: 45504 | D44: شحن كارت الكهربا | E44: 516 | G44: =F44-E44+G43 -> 6984
C45: 45505 | D45: سليم يوسف مصاريف | E45: 5000 | G45: =F45-E45+G44 -> 1984
C46: 45506 | D46: حولهم علي الكاش بدل انستا باي | F46: 18000 | G46: =F46-E46+G45 -> 19984
C47: 45476 | D47: سليم يوسف مصاريف | E47: 1000 | G47: =F47-E47+G46 -> 18984
C48: 45508 | D48: حسين اسيوط الجديده تاجر اسمنت | F48: 12000 | G48: =F48-E48+G47 -> 30984
C49: 45509 | D49: يوسف يوسف تحويل لمحمود غلمي | E49: 15000 | G49: =F49-E49+G48 -> 15984
C50: 45510 | D50: نولون طارق رفعت | E50: 8400 | G50: =F50-E50+G49 -> 7584
C51: 45517 | D51: عهده تصليح اللودر | E51: 4000 | G51: =F51-E51+G50 -> 3584
C52: 45517 | D52: تمت المراجعه | E52: 47 | G52: =F52-E52+G51 -> 3537
C53: 45518 | D53: فاتوره اتصالات | E53: 659 | G53: =F53-E53+G52 -> 2878
C54: 45519 | D54: خالد الرحاب | F54: 20000 | G54: =F54-E54+G53 -> 22878
C55: 45521 | D55: خالد الرحاب | F55: 40000 | G55: =F55-E55+G54 -> 62878
C56: 45522 | D56: شحن كهرباء | E56: 517 | G56: =F56-E56+G55 -> 62361
C57: 45522 | D57: عهده صبحى | E57: 3000 | G57: =F57-E57+G56 -> 59361
C58: 45523 | D58: احمد هيبك الكلابات | F58: 15200 | G58: =F58-E58+G57 -> 74561
C59: 45523 | D59: حسين اسيوط الجديده تاجر اسمنت | F59: 19000 | G59: =F59-E59+G58 -> 93561
C60: 45524 | D60: شراء طابعه | E60: 4000 | G60: =F60-E60+G59 -> 89561
C61: 45525 | D61: نولون اسمنت ميلاد فاروق (سامى ليكسان + عماد رزق ) | E61: 13200 | G61: =F61-E61+G60 -> 76361
C62: 45525 | D62: نولون احمد فوزى (مدحت فاروق ) | E62: 6600 | G62: =F62-E62+G61 -> 69761
C63: 45526 | D63: حسين اسيوط الجديده تاجر اسمنت | F63: 18000 | G63: =F63-E63+G62 -> 87761
C64: 45527 | D64: صبحى نوالين | E64: 31650 | G64: =F64-E64+G63 -> 56111
C65: 45528 | D65: خالد الرحاب | F65: 30000 | G65: =F65-E65+G64 -> 86111
C66: 45528 | D66: حسين اسيوط الجديده تاجر اسمنت | F66: 8400 | G66: =F66-E66+G65 -> 94511
C67: 45529 | D67: عهده ضياء سواق ترله ولد مكى تحميل اسمنت السهم | E67: 20000 | G67: =F67-E67+G66 -> 74511
C68: 45530 | D68: نولون 25طن طارق رفعت راحت لطارق اسيوط الجديده | E68: 3000 | G68: =F68-E68+G67 -> 71511
C69: 45530 | D69: خالد الرحاب | F69: 14000 | G69: =F69-E69+G68 -> 85511
C70: 45531 | D70: فرق نولون 70 طن سهم (ف المصاريف) | E70: 1400 | G70: =F70-E70+G69 -> 84111
C71: 45531 | D71: نولون مينا مدحت 140 طن مقاوم اسيوط | E71: 14500 | G71: =F71-E71+G70 -> 69611
C72: 45532 | D72: فاتوره فودافون | E72: 4245 | G72: =F72-E72+G71 -> 65366
C73: 45532 | D73: نولون صبحى | E73: 16800 | G73: =F73-E73+G72 -> 48566
C74: 45533 | D74: نولون شريف ابراهيم ( 60 طن مقاوم اسيوط ) | E74: 6300 | G74: =F74-E74+G73 -> 42266
C75: 45534 | D75: عهده حسام تبع صبحى | E75: 3000 | G75: =F75-E75+G74 -> 39266
C76: 45534 | D76: نولون ضياء 80 طن سهم عاده راحت لمنصور واصل 20 الف عهده | E76: 17300 | G76: =F76-E76+G75 -> 21966
C77: 45535 | D77: نولون حسام تبع صبحى واصله( 3000 عهده + 200 قهوه) | E77: 13400 | G77: =F77-E77+G76 -> 8566
C78: 45535 | D78: سليم يوسف مصاريف | E78: 245 | G78: =F78-E78+G77 -> 8321
C79: 45536 | D79: سليم يوسف مصاريف | E79: 2000 | G79: =F79-E79+G78 -> 6321
C80: 45536 | D80: احمد فاروق المحاسب | E80: 80 | G80: =F80-E80+G79 -> 6241
C81: 45536 | D81: على اسامه | F81: 12000 | G81: =F81-E81+G80 -> 18241
C82: 45536 | D82: على اسامه | F82: 6000 | G82: =F82-E82+G81 -> 24241
C83: 45537 | D83: الشيخ خالد الرحاب | F83: 51000 | G83: =F83-E83+G82 -> 75241
C84: 45539 | D84: علام بن ثابت | F84: 10000 | G84: =F84-E84+G83 -> 85241
C85: 45539 | D85: علام بن ثابت | F85: 7200 | G85: =F85-E85+G84 -> 92441
C86: 45539 | D86: نهى طارق عملاء | E86: 3560 | G86: =F86-E86+G85 -> 88881
C87: 45539 | D87: صبحى نوالين | E87: 14250 | G87: =F87-E87+G86 -> 74631
C88: 45541 | D88: نولون مينا مدحت (3 نقل خالص حتى اليوم ) | E88: 23350 | G88: =F88-E88+G87 -> 51281
C89: 45541 | D89: نولون( 3 نقل طارق رفعت فرح وحسن ابو خريبه وعلى بريد ومؤمن) | E89: 9400 | G89: =F89-E89+G88 -> 41881
C90: 45542 | D90: يوسف فتحى | E90: 20000 | G90: =F90-E90+G89 -> 21881
C91: 45543 | D91: علام بن ثابت | F91: 21115 | G91: =F91-E91+G90 -> 42996
C92: 45543 | D92: علام بن ثابت | F92: 4885 | G92: =F92-E92+G91 -> 47881
C93: 45543 | D93: نولون على فروجه (25 طن راحوا عبد الرحيم الساحل ) | E93: 3000 | G93: =F93-E93+G92 -> 44881
C94: 45544 | D94: فاتوره فودافون | E94: 4012 | G94: =F94-E94+G93 -> 40869
C95: 45544 | D95: فاتوره فودافون | E95: 2000 | G95: =F95-E95+G94 -> 38869
C96: 45544 | D96: علام بن ثابت | F96: 6200 | G96: =F96-E96+G95 -> 45069
C97: 45545 | D97: نولون صبحى (نقله عز 50200 ك) | E97: 14000 | G97: =F97-E97+G96 -> 31069
C98: 45545 | D98: تصليح العربيه النص نقل | E98: 2950 | G98: =F98-E98+G97 -> 28119
C99: 45545 | D99: مصاريف | E99: 35 | G99: =F99-E99+G98 -> 28084
C100: 45546 | D100: الشيخ خالد الرحاب | F100: 40000 | G100: =F100-E100+G99 -> 68084
C101: 45546 | D101: عهده سيد فرحان عبد العاطى تصليح لودر ( تم ردها ) | E101: 10000 | G101: =F101-E101+G100 -> 58084
C102: 45546 | D102: نولون محمد سعد (50 طن جيوشى) | E102: 14200 | G102: =F102-E102+G101 -> 43884
C103: 45546 | D103: سليم يوسف مصاريف (عمرو الشهر العقارى) | E103: 400 | G103: =F103-E103+G102 -> 43484
...

Sheet 11
C3: اتصالات كاش
E5: =SUM(E8:E999) -> 3008032 | F5: =SUM(F8:F999) -> 3038999 | G5: =F5-E5 -> 30967 | I5: الصفحة الرئيسية
C6: التاريخ | D6: الاسم | E6: الحركة | G6: الرصيد
E7: مدين | F7: دائن
D8: رصيد افتتاحي | G8: =F8-E8 -> 0
G9: =F9-E9+G8 -> 0
G10: =F10-E10+G9 -> 0
D11: (رصيد سابق) | F11: 6250 | G11: =F11-E11+G10 -> 6250
C12: 45532 | D12: على ابو خريبه ( تحصيل اسمنت ) | F12: 13000 | G12: =F12-E12+G11 -> 19250
C13: 45534 | D13: على ابو خريبه ( تحصيل اسمنت ) | F13: 10000 | G13: =F13-E13+G12 -> 29250
C14: 45537 | D14: على ابو خريبه ( تحصيل اسمنت ) | F14: 10000 | G14: =F14-E14+G13 -> 39250
C15: 45540 | D15: على ابو خريبه ( تحصيل اسمنت ) بأجمالى (44000) | F15: 11000 | G15: =F15-E15+G14 -> 50250
C16: 45910 | D16: مجهول (محفظه اتصالات كاش) | F16: 3845 | G16: =F16-E16+G15 -> 54095
C17: 45551 | D17: مصطفى الاكثر تميز (مقاوم تعمير) | F17: 35000 | G17: =F17-E17+G16 -> 89095
C18: 45551 | D18: عاطف شكرى (نولون 40طن احمد جابر والعرب) | E18: 4615 | G18: =F18-E18+G17 -> 84480
C19: 45552 | D19: على ابو خريبه | F19: 11000 | G19: =F19-E19+G18 -> 95480
C20: 45554 | D20: صبحى (نولون) | E20: 60000 | G20: =F20-E20+G19 -> 35480
C21: 45554 | D21: على ابو خريبه ( حديد ) | F21: 10000 | G21: =F21-E21+G20 -> 45480
C22: 45554 | D22: رسوم | E22: 15 | G22: =F22-E22+G21 -> 45465
C23: 45554 | D23: نولون عاطف مصطفى عبد الرسول (نقله جيوشى 50370) | E23: 13500 | G23: =F23-E23+G22 -> 31965
C24: 45556 | D24: ماهر مجدى | F24: 10000 | G24: =F24-E24+G23 -> 41965
C25: 45556 | D25: كيرلس موسى سباكه | F25: 10000 | G25: =F25-E25+G24 -> 51965
C26: 45558 | D26: ماهر مجدى | F26: 25200 | G26: =F26-E26+G25 -> 77165
C27: 45558 | D27: خالد ابو غلمى (عملاء 23-9-2024) | F27: 15000 | G27: =F27-E27+G26 -> 92165
C28: 45561 | D28: صبحى (نولون) | E28: 50000 | G28: =F28-E28+G27 -> 42165
C29: 45561 | D29: نولون عاطف شكرى | E29: 4400 | G29: =F29-E29+G28 -> 37765
C30: 45561 | D30: نولون محمد ثروت | E30: 3000 | G30: =F30-E30+G29 -> 34765
C31: 45561 | D31: رسوم | E31: 60 | G31: =F31-E31+G30 -> 34705
C32: 45564 | D32: شحن كارت كهرباء للمكتب | E32: 1065 | G32: =F32-E32+G31 -> 33640
C33: 45564 | D33: نولون طارق رفعت | E33: 3000 | G33: =F33-E33+G32 -> 30640
C34: 45568 | D34: حسين كمال اسيوط الجديده تمن 10 طن مقاوم مصريين | F34: 26200 | G34: =F34-E34+G33 -> 56840
C35: 45568 | D35: حسن ابو خريبه | F35: 20000 | G35: =F35-E35+G34 -> 76840
C36: 45569 | D36: صبحى (نولون) | E36: 30000 | G36: =F36-E36+G35 -> 46840
C37: 45574 | D37: احمد فوزى المهركه | F37: 16000 | G37: =F37-E37+G36 -> 62840
C38: 45574 | D38: صبحى (نولون) | E38: 15000 | G38: =F38-E38+G37 -> 47840
C39: 45574 | D39: نولون السهم محمود خالد | E39: 30000 | G39: =F39-E39+G38 -> 17840
C40: 45575 | D40: جمال الساحل | F40: 5660 | G40: =F40-E40+G39 -> 23500
C41: 45575 | D41: جمال الساحل | F41: 30000 | G41: =F41-E41+G40 -> 53500
C42: 45576 | D42: صبحى (نولون) | E42: 17800 | G42: =F42-E42+G41 -> 35700
C43: 45576 | D43: صبحى (نولون) | E43: 14650 | G43: =F43-E43+G42 -> 21050
C44: 45577 | D44: نولون صبحى لترلة بدوى محمد | E44: 12500 | G44: =F44-E44+G43 -> 8550
C45: 45580 | D45: نولون صبحى | E45: 8300 | G45: =F45-E45+G44 -> 250
C46: 45585 | D46: صلاح الاطاوله | F46: 55000 | G46: =F46-E46+G45 -> 55250
C47: 45585 | D47: صلاح الاطاوله | F47: 5000 | G47: =F47-E47+G46 -> 60250
C48: 45586 | D48: نولون يوسف فتحى | E48: 20000 | G48: =F48-E48+G47 -> 40250
C49: 45592 | D49: مصطفى العصاره (باقى حساب اسمنت) | F49: 15300 | G49: =F49-E49+G48 -> 55550
C50: 45592 | D50: رسوم | E50: 120 | G50: =F50-E50+G49 -> 55430
C51: 45593 | D51: نولون صبحى | E51: 11225 | G51: =F51-E51+G50 -> 44205
C52: 45593 | D52: نولون صبحى | E52: 16000 | G52: =F52-E52+G51 -> 28205
C53: 45593 | D53: نولون صبحى | E53: 5000 | G53: =F53-E53+G52 -> 23205
C54: 45593 | D54: نولون رجب عبده | E54: 3600 | G54: =F54-E54+G53 -> 19605
C55: 45600 | D55: صفوت الدوليه | E55: 14000 | G55: =F55-E55+G54 -> 5605
C56: 45601 | D56: حسن ابو خريبه | F56: 52000 | G56: =F56-E56+G55 -> 57605
C57: 45601 | D57: محمد قرقر | F57: 5000 | G57: =F57-E57+G56 -> 62605
C58: 45605 | D58: حسن ابو خريبه | F58: 28000 | G58: =F58-E58+G57 -> 90605
C59: 45605 | D59: حسن ابو خريبه | F59: 1500 | G59: =F59-E59+G58 -> 92105
C60: 45605 | D60: حسن ابو خريبه | F60: 5015 | G60: =F60-E60+G59 -> 97120
C61: 45607 | D61: يوسف فتحى نولون | E61: 20000 | G61: =F61-E61+G60 -> 77120
C62: 45608 | D62: صبحى (نولون) | E62: 20000 | G62: =F62-E62+G61 -> 57120
C63: 45611 | D63: نولون نقله عز مش تبع صبحى ملهاش كوميسيون | E63: 22000 | G63: =F63-E63+G62 -> 35120
C64: 45611 | D64: نولون ترله على عبدالحليم اكتوبر سيتى | E64: 18000 | G64: =F64-E64+G63 -> 17120
C65: 45613 | D65: نولون نقله كانات ياسر منصور | E65: 16000 | G65: =F65-E65+G64 -> 1120
C66: 45621 | D66: اسعد جورج | F66: 50000 | G66: =F66-E66+G65 -> 51120
C67: 45621 | D67: صبحى (نولون) | E67: 40350 | G67: =F67-E67+G66 -> 10770
C68: 45623 | D68: اسعد جورج (اسمنت) | F68: 15000 | G68: =F68-E68+G67 -> 25770
C69: 45622 | D69: احمد فوزى المهركه | F69: 5500 | G69: =F69-E69+G68 -> 31270
C70: 45622 | D70: احمد فوزى المهركه | F70: 2500 | G70: =F70-E70+G69 -> 33770
C71: 45622 | D71: احمد فوزى المهركه | F71: 27000 | G71: =F71-E71+G70 -> 60770
C72: 45622 | D72: مصاريف تحويل | E72: 165 | G72: =F72-E72+G71 -> 60605
C73: 45623 | D73: نولون 25 تعمير خالد جمال وتعنيف 10طن | E73: 2550 | G73: =F73-E73+G72 -> 58055
C74: 45624 | D74: نولون صبحى | E74: 10000 | G74: =F74-E74+G73 -> 48055
C75: 45627 | D75: ياسر تبع مؤمن ابو عوف | F75: 4350 | G75: =F75-E75+G74 -> 52405
C76: 45638 | D76: يوسف منير (حديد) | F76: 4260 | G76: =F76-E76+G75 -> 56665
C77: 45641 | D77: مينا مكى | F77: 20000 | G77: =F77-E77+G76 -> 76665
C78: 45645 | D78: مينا مكى | F78: 20000 | G78: =F78-E78+G77 -> 96665
C79: 45645 | D79: نولون صبحى | E79: 29250 | G79: =F79-E79+G78 -> 67415
C80: 45645 | D80: نولون على فروجه | E80: 3125 | G80: =F80-E80+G79 -> 64290
C81: 45648 | D81: على ابو خريبه | F81: 35000 | G81: =F81-E81+G80 -> 99290
C82: 45656 | D82: نولون وجدى (25طن مصريين فردانى) | E82: 3250 | G82: =F82-E82+G81 -> 96040
C83: 45647 | D83: نولون الرؤى ستيل (هشام فرج حسين) | E83: 13700 | G83: =F83-E83+G82 -> 82340
C84: 45658 | D84: فرحان اخو حسن ابو خريبه (مقدم حجز حديد) | F84: 5000 | G84: =F84-E84+G83 -> 87340
C85: 45661 | D85: حسن ابو خريبه | F85: 10000 | G85: =F85-E85+G84 -> 97340
C86: 45661 | D86: احمد سليمان فهمى | E86: 50000 | G86: =F86-E86+G85 -> 47340
C87: 45662 | D87: احمد سليمان فهمى | E87: 10000 | G87: =F87-E87+G86 -> 37340
C88: 45658 | D88: احمد سليمان فهمى | E88: 37000 | G88: =F88-E88+G87 -> 340
C89: 45670 | D89: طارق اسيوط الجديده (اسمنت) | F89: 10000 | G89: =F89-E89+G88 -> 10340
C90: 45671 | D90: محمود غلمى | F90: 6930 | G90: =F90-E90+G89 -> 17270
C91: 45671 | D91: حسن ابو خريبه | F91: 25000 | G91: =F91-E91+G90 -> 42270
C92: 45669 | D92: حسن ابو خريبه | F92: 4000 | G92: =F92-E92+G91 -> 46270
C93: 45669 | D93: حسن ابو خريبه | F93: 1000 | G93: =F93-E93+G92 -> 47270
C94: 45669 | D94: حسن ابو خريبه | F94: 10000 | G94: =F94-E94+G93 -> 57270
C95: 45669 | D95: حسن ابو خريبه | F95: 1000 | G95: =F95-E95+G94 -> 58270
C96: 45669 | D96: حسن ابو خريبه | F96: 1000 | G96: =F96-E96+G95 -> 59270
C97: 45669 | D97: حسن ابو خريبه | F97: 1000 | G97: =F97-E97+G96 -> 60270
C98: 45669 | D98: حسن ابو خريبه | F98: 1000 | G98: =F98-E98+G97 -> 61270
C99: 45669 | D99: حسن ابو خريبه | F99: 1000 | G99: =F99-E99+G98 -> 62270
C100: 45669 | D100: حسن ابو خريبه | F100: 10000 | G100: =F100-E100+G99 -> 72270
... C103: 45669 | D103: حسن ابو خريبه | F103: 10000 | G103: =F103-E103+G102 -> 97270
C104: 45673 | D104: يوسف فتحى نولون | E104: 25000 | G104: =F104-E104+G103 -> 72270
C105: 45673 | D105: حسن ابو خريبه | F105: 10000 | G105: =F105-E105+G104 -> 82270
...

Sheet 12
C3: البريد المصرى
E5: =SUM(E8:E1000) -> 15457953 | F5: =SUM(F8:F1000) -> 15593264 | G5: =F5-E5 -> 135311 | I5: الصفحة الرئيسية
C6: التاريخ | D6: الاسم | E6: الحركة | G6: الرصيد
E7: مدين | F7: دائن
D8: رصيد افتتاحي | F8: 129697 | G8: =F8-E8 -> 129697
C9: 45568 | D9: توريد اسمنت المصريين | E9: 129000 | G9: =F9-E9+G8 -> 697
C10: 45572 | D10: سليمان الاطاوله | F10: 50000 | G10: =F10-E10+G9 -> 50697
C11: 45573 | D11: سحب نقدى واصل يوميه يوسف | E11: 50000 | G11: =F11-E11+G10 -> 697
C12: 45574 | D12: سيد حسين مشرف | F12: 70000 | G12: =F12-E12+G11 -> 70697
C13: 45574 | D13: سحب نقدى واصل يوميه يوسف | E13: 100000 | G13: =F13-E13+G12 -> -29303
C14: 45574 | D14: سليمان الاطاوله | F14: 40000 | G14: =F14-E14+G13 -> 10697
C15: 45575 | D15: سليمان الاطاوله | F15: 30000 | G15: =F15-E15+G14 -> 40697
C16: 45580 | D16: سليمان الاطاوله | F16: 150000 | G16: =F16-E16+G15 -> 190697
C17: 45584 | D17: سليمان الاطاوله | F17: 50000 | G17: =F17-E17+G16 -> 240697
C18: 45578 | D18: سليمان الاطاوله | F18: 90000 | G18: =F18-E18+G17 -> 330697
C19: 45585 | D19: سحب نقدى واصل من يوميه يوسف | E19: 150000 | G19: =F19-E19+G18 -> 180697
C20: 45586 | D20: سحب نقدى واصل من يوميه يوسف | E20: 150000 | G20: =F20-E20+G19 -> 30697
C21: 45586 | D21: مصروفات بنكيه | E21: 414 | G21: =F21-E21+G20 -> 30283
C22: 45586 | D22: سيد حسين مشرف | F22: 9600 | G22: =F22-E22+G21 -> 39883
C23: 45588 | D23: سليمان الاطاوله | F23: 140000 | G23: =F23-E23+G22 -> 179883
C24: 45592 | D24: سحب نقدى واصل من يوميه يوسف | E24: 150000 | G24: =F24-E24+G23 -> 29883
C25: 45593 | D25: مجدى يوسف البدارى | F25: 135500 | G25: =F25-E25+G24 -> 165383
C26: 45594 | D26: سحب نقدى واصل من يوميه يوسف | E26: 150000 | G26: =F26-E26+G25 -> 15383
C27: 45596 | D27: سليمان الاطاوله | F27: 90000 | G27: =F27-E27+G26 -> 105383
C28: 45599 | D28: سحب نقدى واصل من يوميه يوسف | E28: 105005 | G28: =F28-E28+G27 -> 378
C29: 45599 | D29: مصاريف بريد | E29: 120 | G29: =F29-E29+G28 -> 258
C30: 45600 | D30: سيد حسين مشرف | F30: 99000 | G30: =F30-E30+G29 -> 99258
C31: 45601 | D31: مجدى يوسف البدارى | F31: 135000 | G31: =F31-E31+G30 -> 234258
C32: 45601 | D32: سحب نقدى واصل من يوميه يوسف | E32: 150005 | G32: =F32-E32+G31 -> 84253
C33: 45603 | D33: سليمان الاطاوله | F33: 50000 | G33: =F33-E33+G32 -> 134253
C34: 45606 | D34: سحب نقدى واصل من يوميه يوسف | E34: 130005 | G34: =F34-E34+G33 -> 4248
C35: 45606 | D35: مصاريف بريد | E35: 92 | G35: =F35-E35+G34 -> 4156
C36: 45607 | D36: سليمان الاطاوله | F36: 300000 | G36: =F36-E36+G35 -> 304156
C37: 45607 | D37: سيد حسين مشرف | F37: 58000 | G37: =F37-E37+G36 -> 362156
C38: 45608 | D38: سليمان الاطاوله | F38: 90000 | G38: =F38-E38+G37 -> 452156
C39: 45608 | D39: خالد مدبولى بصره | F39: 343000 | G39: =F39-E39+G38 -> 795156
C40: 45608 | D40: سحب نقدى واصل من يوميه يوسف | E40: 150005 | G40: =F40-E40+G39 -> 645151
C41: 45608 | D41: اسمنت التعمير | E41: 644500 | G41: =F41-E41+G40 -> 651
C42: 45609 | D42: ممتاز العفادره | F42: 71000 | G42: =F42-E42+G41 -> 71651
C43: 45610 | D43: سليمان الاطاوله | F43: 70000 | G43: =F43-E43+G42 -> 141651
C44: 45613 | D44: اسعد جورج (تحويل ابو سته ح سليم اسمنت فى البوسنه) | F44: 50000 | G44: =F44-E44+G43 -> 191651
C45: 45613 | D45: سليمان الاطاوله | F45: 20000 | G45: =F45-E45+G44 -> 211651
C46: 45613 | D46: سحب نقدى واصل من يوميه يوسف | E46: 120000 | G46: =F46-E46+G45 -> 91651
C47: 45613 | D47: مصاريف بريد | E47: 382 | G47: =F47-E47+G46 -> 91269
C48: 45614 | D48: سليمان الاطاوله | F48: 80000 | G48: =F48-E48+G47 -> 171269
C49: 45615 | D49: سليمان الاطاوله | F49: 30000 | G49: =F49-E49+G48 -> 201269
C50: 45615 | D50: سيد حسين مشرف | F50: 90000 | G50: =F50-E50+G49 -> 291269
C51: 45617 | D51: سحب نقدى واصل من يوميه يوسف | E51: 150000 | G51: =F51-E51+G50 -> 141269
C52: 45617 | D52: اسمنت التعمير | E52: 140000 | G52: =F52-E52+G51 -> 1269
C53: 45621 | D53: سليمان الاطاوله | F53: 70000 | G53: =F53-E53+G52 -> 71269
C54: 45622 | D54: سليمان الاطاوله | F54: 70000 | G54: =F54-E54+G53 -> 141269
C55: 45622 | D55: توريد اسمنت المصريين | E55: 70000 | G55: =F55-E55+G54 -> 71269
C56: 45627 | D56: سليمان الاطاوله | F56: 75000 | G56: =F56-E56+G55 -> 146269
C57: 45628 | D57: سليمان الاطاوله | F57: 50000 | G57: =F57-E57+G56 -> 196269
C58: 45630 | D58: اسعد جورج (حديد) (تحويل ابو سته ح يوسف حديد فى البوسنه) | F58: 16500 | G58: =F58-E58+G57 -> 212769
C59: 45630 | D59: سليمان الاطاوله | F59: 90000 | G59: =F59-E59+G58 -> 302769
C60: 45630 | D60: سحب نقدى واصل من يوميه يوسف | E60: 150000 | G60: =F60-E60+G59 -> 152769
C61: 45631 | D61: سليمان الاطاوله | F61: 50000 | G61: =F61-E61+G60 -> 202769
C62: 45631 | D62: سليمان الاطاوله | F62: 50000 | G62: =F62-E62+G61 -> 252769
C63: 45631 | D63: سحب نقدى واصل من يوميه يوسف | E63: 150000 | G63: =F63-E63+G62 -> 102769
C64: 45631 | D64: سيد حسين مشرف | F64: 50000 | G64: =F64-E64+G63 -> 152769
C65: 45634 | D65: سحب نقدى واصل من يوميه يوسف | E65: 100005 | G65: =F65-E65+G64 -> 52764
C66: 45635 | D66: سليمان الاطاوله | F66: 80000 | G66: =F66-E66+G65 -> 132764
C67: 45635 | D67: سحب نقدى واصل من يوميه يوسف | E67: 130000 | G67: =F67-E67+G66 -> 2764
C68: 45636 | D68: مجدى يوسف البدارى | F68: 15000 | G68: =F68-E68+G67 -> 17764
C69: 45636 | D69: مجدى يوسف البدارى | F69: 35000 | G69: =F69-E69+G68 -> 52764
C70: 45637 | D70: احمد هيبك (مقدم حجز 4طن حديد استثمارى 35000) | F70: 140000 | G70: =F70-E70+G69 -> 192764
C71: 45637 | D71: سليمان الاطاوله | F71: 50000 | G71: =F71-E71+G70 -> 242764
C72: 45637 | D72: سيد حسين مشرف | F72: 150000 | G72: =F72-E72+G71 -> 392764
C73: 45638 | D73: احمد هيبك (باقى حساب اسمنت) | F73: 40000 | G73: =F73-E73+G72 -> 432764
C74: 45638 | D74: سليمان الاطاوله | F74: 80000 | G74: =F74-E74+G73 -> 512764
C75: 45638 | D75: مجدى يوسف البدارى | F75: 21500 | G75: =F75-E75+G74 -> 534264
C76: 45638 | D76: سيد حسين مشرف | F76: 150000 | G76: =F76-E76+G75 -> 684264
C77: 45641 | D77: سحب نقدى واصل من يوميه يوسف | E77: 150000 | G77: =F77-E77+G76 -> 534264
C78: 45642 | D78: اسمنت التعمير | E78: 530000 | G78: =F78-E78+G77 -> 4264
C79: 45643 | D79: سليمان الاطاوله | F79: 100000 | G79: =F79-E79+G78 -> 104264
C80: 45643 | D80: حسام زكى الساحل | F80: 71000 | G80: =F80-E80+G79 -> 175264
C81: 45644 | D81: سحب نقدى واصل من يوميه يوسف | E81: 150000 | G81: =F81-E81+G80 -> 25264
C82: 45645 | D82: سليمان الاطاوله | F82: 70000 | G82: =F82-E82+G81 -> 95264
C83: 45650 | D83: سليمان الاطاوله | F83: 70000 | G83: =F83-E83+G82 -> 165264
C84: 45650 | D84: سحب نقدى واصل من يوميه يوسف | E84: 150000 | G84: =F84-E84+G83 -> 15264
C85: 45652 | D85: سليمان الاطاوله | F85: 70000 | G85: =F85-E85+G84 -> 85264
C86: 45655 | D86: سحب نقدى واصل من يوميه يوسف | E86: 85000 | G86: =F86-E86+G85 -> 264
C87: 45656 | D87: سليمان الاطاوله | F87: 50000 | G87: =F87-E87+G86 -> 50264
C88: 45657 | D88: سيد حسين مشرف | F88: 240000 | G88: =F88-E88+G87 -> 290264
C89: 45657 | D89: سحب نقدى واصل من يوميه يوسف | E89: 150000 | G89: =F89-E89+G88 -> 140264
C90: 45658 | D90: احمد شعبان (منقباد) | F90: 67320 | G90: =F90-E90+G89 -> 207584
C91: 45659 | D91: سليمان الاطاوله | F91: 25000 | G91: =F91-E91+G90 -> 232584
C92: 45659 | D92: سحب نقدى واصل من يوميه يوسف | E92: 150000 | G92: =F92-E92+G91 -> 82584
C93: 45659 | D93: سليمان الاطاوله | F93: 50000 | G93: =F93-E93+G92 -> 132584
C94: 45662 | D94: سحب نقدى واصل من يوميه يوسف | E94: 130000 | G94: =F94-E94+G93 -> 2584
C95: 45665 | D95: سليمان الاطاوله | F95: 70000 | G95: =F95-E95+G94 -> 72584
C96: 45665 | D96: احمد هيبك الكلابات | F96: 40000 | G96: =F96-E96+G95 -> 112584
C97: 45666 | D97: احمد هيبك (اسمنت) | F97: 23250 | G97: =F97-E97+G96 -> 135834
C98: 45669 | D98: سليمان الاطاوله | F98: 40000 | G98: =F98-E98+G97 -> 175834
C99: 45669 | D99: سحب نقدى واصل من يوميه يوسف | E99: 150000 | G99: =F99-E99+G98 -> 25834
C100: 45671 | D100: سليمان الاطاوله | F100: 50000 | G100: =F100-E100+G99 -> 75834
C101: 45673 | D101: احمد هيبك (حديد 33500) | F101: 150000 | G101: =F101-E101+G100 -> 225834
C102: 45673 | D102: احمد هيبك | F102: 200000 | G102: =F102-E102+G101 -> 425834
C103: 45673 | D103: سحب نقدى واصل من يوميه يوسف | E103: 150000 | G103: =F103-E103+G102 -> 275834
...

Sheet 13
C3: فودافون كاش (جيمى)
E5: =SUM(E8:E1000) -> 1692263 | F5: =SUM(F8:F1000) -> 1709284 | G5: =F5-E5 -> 17021 | I5: الصفحة الرئيسية
C6: التاريخ | D6: الاسم | E6: الحركة | G6: الرصيد
E7: مدين | F7: دائن
D8: رصيد افتتاحي | G8: =F8-E8 -> 0
C9: 45809 | D9: حسن يوسف | F9: 33800 | G9: =F9-E9+G8 -> 33800
C10: 45809 | D10: نولون تبع صبحى | E10: 15600 | G10: =F10-E10+G9 -> 18200
C11: 45811 | D11: نولون تبع صبحى | E11: 8000 | G11: =F11-E11+G10 -> 10200
C12: 45811 | D12: بطاريه العربيه النص | E12: 4000 | G12: =F12-E12+G11 -> 6200
C13: 45823 | D13: تصليح العربيه النص الخضراء | E13: 1000 | G13: =F13-E13+G12 -> 5200
C14: 45824 | D14: حسن ابو خريبه | F14: 15000 | G14: =F14-E14+G13 -> 20200
C15: 45824 | D15: حسن ابو خريبه | F15: 4000 | G15: =F15-E15+G14 -> 24200
C16: 45824 | D16: حسن ابو خريبه | F16: 40000 | G16: =F16-E16+G15 -> 64200
C17: 45824 | D17: نولون حسنى نقله اللفف | E17: 15000 | G17: =F17-E17+G16 -> 49200
C18: 45824 | D18: نولون محمد عماد اسمنت المصريين | E18: 9350 | G18: =F18-E18+G17 -> 39850
C19: 45824 | D19: نولون على حمدان اسمنت المصريين | E19: 9000 | G19: =F19-E19+G18 -> 30850
C20: 45825 | D20: حسين كمال اسيوط الجديدة | F20: 46000 | G20: =F20-E20+G19 -> 76850
C21: 45825 | D21: فاتوره فودافون (الشركة) | E21: 1666 | G21: =F21-E21+G20 -> 75184
C22: 45826 | D22: عمرو عبدالناصر (عهده الترلة الزرقاء) | E22: 10000 | G22: =F22-E22+G21 -> 65184
C23: 45827 | D23: نولون محمد عماد | E23: 9425 | G23: =F23-E23+G22 -> 55759
C24: 45827 | D24: نولون علاء سيد شوقى | E24: 18840 | G24: =F24-E24+G23 -> 36919
C25: 45827 | D25: نولون 60 طن عاده من الشيخ جمال واصل شريف الغول | E25: 20400 | G25: =F25-E25+G24 -> 16519
C26: 45829 | D26: نولون وائل جميل نقله سايب راحت المهندس مصطفى فتحى محطه الاعمار | E26: 16000 | G26: =F26-E26+G25 -> 519
C27: 45833 | D27: من اتصالات كاش (سليم) | F27: 18000 | G27: =F27-E27+G26 -> 18519
C28: 45833 | D28: نولون وائل تبع هشام عكيوه 50 طن اسمنت مقاوم اسيوط | E28: 8000 | G28: =F28-E28+G27 -> 10519
C29: 45838 | D29: نولون على فروجه | E29: 1000 | G29: =F29-E29+G28 -> 9519
C30: 45838 | D30: نولون محمد رمضان (حديد جيوشى) | E30: 5910 | G30: =F30-E30+G29 -> 3609
C31: 45838 | D31: مصاريف تحويل | E31: 22 | G31: =F31-E31+G30 -> 3587
C32: 45848 | D32: عبدالرحيم الساحل | F32: 50000 | G32: =F32-E32+G31 -> 53587
C33: 45848 | D33: حسام زكى الساحل | F33: 30800 | G33: =F33-E33+G32 -> 84387
C34: 45848 | D34: حسام زكى الساحل | F34: 9000 | G34: =F34-E34+G33 -> 93387
C35: 45851 | D35: دعايه واعلان | E35: 250 | G35: =F35-E35+G34 -> 93137
C36: 45851 | D36: (نولون شحاته نقله بيانكو المخزن) و (حمل 15 طرد لصفوت سمعان ) | E36: 18500 | G36: =F36-E36+G35 -> 74637
C37: 45852 | D37: تصليح ماستر العربيه النص | E37: 2700 | G37: =F37-E37+G36 -> 71937
C38: 45852 | D38: (نولون ماهر هريدى 30×135) رايحه ل (مؤمن المطيعه) | E38: 4050 | G38: =F38-E38+G37 -> 67887
C39: 45852 | D39: نولون وتعتيق (طارق رفعت) او (محمود فتحى) (150×25)(18×25) | E39: 4200 | G39: =F39-E39+G38 -> 63687
C40: 45852 | D40: نولون محمد سالم يونس (عربيه رجب) | E40: 21000 | G40: =F40-E40+G39 -> 42687
C41: 45852 | D41: مصاريف تحويل | E41: 34 | G41: =F41-E41+G40 -> 42653
C42: 45854 | D42: نولون مصطفى سمير تبع عم صبحى (نقله العز) | E42: 12500 | G42: =F42-E42+G41 -> 30153
C43: 45854 | D43: نولون نقلتين السائب (شركة البيان) | E43: 19000 | G43: =F43-E43+G42 -> 11153
C44: 45861 | D44: يوسف ريفا | F44: 10000 | G44: =F44-E44+G43 -> 21153
C45: 45861 | D45: يوسف ريفا | F45: 2500 | G45: =F45-E45+G44 -> 23653
C46: 45861 | D46: نولون وليد عثمان نقله حديد عز ( كانات) | E46: 17430 | G46: =F46-E46+G45 -> 6223
C47: 45862 | D47: نولون محمود فتحى | E47: 4100 | G47: =F47-E47+G46 -> 2123
C48: 45862 | D48: مصاريف تحويل | E48: 15 | G48: =F48-E48+G47 -> 2108
C49: 45871 | D49: من فودافون كاش (سليم) | F49: 30000 | G49: =F49-E49+G48 -> 32108
C50: 45871 | D50: نولون على محمد رمضان | E50: 18480 | G50: =F50-E50+G49 -> 13628
C51: 45871 | D51: نولون محمد جابر عبدالفتاح | E51: 13625 | G51: =F51-E51+G50 -> 3
C52: 45873 | D52: احمد سالم (نزله عبداللاه) | F52: 250 | G52: =F52-E52+G51 -> 253
C53: 45882 | D53: احمد فوزى المهركه | F53: 25000 | G53: =F53-E53+G52 -> 25253
C54: 45882 | D54: فاتوره فودافون (مصاريف الشغل) | E54: 1252 | G54: =F54-E54+G53 -> 24001
C55: 45883 | D55: من فودافون كاش (سليم) | F55: 30000 | G55: =F55-E55+G54 -> 54001
C56: 45883 | D56: احمد سليمان فهمى | E56: 10000 | G56: =F56-E56+G55 -> 44001
C57: 45883 | D57: احمد سليمان فهمى | E57: 15000 | G57: =F57-E57+G56 -> 29001
C58: 45883 | D58: نولون على محمد رمضان نقله الجيوشى | E58: 16470 | G58: =F58-E58+G57 -> 12531
C59: 45883 | D59: رسوم تحويل | E59: 7 | G59: =F59-E59+G58 -> 12524
C60: 45883 | D60: جيمى (خدهم نقدى) | F60: 2500 | G60: =F60-E60+G59 -> 15024
C61: 45883 | D61: احمد سليمان فهمى | E61: 15000 | G61: =F61-E61+G60 -> 24
C62: 45903 | D62: حسين كمال اسيوط الجديدة (اسمنت) | F62: 17000 | G62: =F62-E62+G61 -> 17024
C63: 45904 | D63: نولون محمد عرابى نقله عنتر | E63: 16400 | G63: =F63-E63+G62 -> 624
C64: 45904 | D64: من فودافون كاش (سليم) | F64: 30000 | G64: =F64-E64+G63 -> 30624
C65: 45904 | D65: نولون محمد محمود (اسمنت المصريين) | E65: 3975 | G65: =F65-E65+G64 -> 26649
C66: 45904 | D66: نولون وليد عثمان (نقله البيانكو القديم) | E66: 17000 | G66: =F66-E66+G65 -> 9649
C67: 45904 | D67: احمد جاد ابو خريبه (اسمنت) | F67: 30200 | G67: =F67-E67+G66 -> 39849
C68: 45905 | D68: احمد جاد ابو خريبه (اسمنت) | F68: 20000 | G68: =F68-E68+G67 -> 59849
C69: 45905 | D69: على ابو خريبه (حساب اسمنت من المخزن) | F69: 17000 | G69: =F69-E69+G68 -> 76849
C70: 45907 | D70: احمد جاد ابو خريبه (اسمنت) | F70: 11000 | G70: =F70-E70+G69 -> 87849
C71: 45907 | D71: كريم حمدان | F71: 790 | G71: =F71-E71+G70 -> 88639
C72: 45906 | D72: شركه البديل الثالث | F72: 2550 | G72: =F72-E72+G71 -> 91189
C73: 45907 | D73: رسوم تحويل | E73: 62 | G73: =F73-E73+G72 -> 91127
C74: 45907 | D74: ناجى حسن فرحان (عملاء) | E74: 10000 | G74: =F74-E74+G73 -> 81127
C75: 45907 | D75: حسين كمال اسيوط الجديدة (اسمنت) | F75: 9000 | G75: =F75-E75+G74 -> 90127
C76: 45907 | D76: عمرو عبدالناصرالترلة الزرقاء (قسط كاوتش) | E76: 10000 | G76: =F76-E76+G75 -> 80127
C77: 45907 | D77: عهده انور جابر عزالدين (نقله جيوشى) | E77: 5000 | G77: =F77-E77+G76 -> 75127
C78: 45907 | D78: مصطفى العصارة | F78: 10000 | G78: =F78-E78+G77 -> 85127
C79: 45907 | D79: على ابو خريبه (حساب اسمنت من المخزن) | F79: 16000 | G79: =F79-E79+G78 -> 101127
C80: 45907 | D80: احمد جاد ابو خريبه (حساب اسمنت من المخزن) | F80: 8000 | G80: =F80-E80+G79 -> 109127
C81: 45907 | D81: احمد جاد ابو خريبه (حساب اسمنت من المخزن) | F81: 8000 | G81: =F81-E81+G80 -> 117127
C82: 45908 | D82: نولون مصطفى جمال (نقله اكتوبر ستيل) | E82: 5000 | G82: =F82-E82+G81 -> 112127
C83: 45909 | D83: مصاريف تحويل | E83: 17 | G83: =F83-E83+G82 -> 112110
C84: 45909 | D84: رمضان شفيق (نولون نقله العز) | E84: 17750 | G84: =F84-E84+G83 -> 94360
C85: 45909 | D85: العربيه النص الخضراء (تغير كاوتش) | E85: 10150 | G85: =F85-E85+G84 -> 84210
C86: 45910 | D86: باقى نولون مصطفى جمال (نقله اكتوبر ستيل) | E86: 1280 | G86: =F86-E86+G85 -> 82930
C87: 45910 | D87: مصاريف تحويل | E87: 23 | G87: =F87-E87+G86 -> 82907
C88: 45910 | D88: نولون احمد صلاح | E88: 3925 | G88: =F88-E88+G87 -> 78982
C89: 45910 | D89: نولون احمد محمود | E89: 3925 | G89: =F89-E89+G88 -> 75057
C90: 45910 | D90: يوسف فتحى | E90: 25000 | G90: =F90-E90+G89 -> 50057
C91: 45911 | D91: عميره عبدالموجود (مديونيه) | F91: 4000 | G91: =F91-E91+G90 -> 54057
C92: 45911 | D92: فاتوره فودافون ( خطوط المكتب) | E92: 144 | G92: =F92-E92+G91 -> 53913
C93: 45911 | D93: فضل نزله عبداللاه | F93: 4000 | G93: =F93-E93+G92 -> 57913
C94: 45911 | D94: فضل نزله عبداللاه | F94: 4000 | G94: =F94-E94+G93 -> 61913
C95: 45911 | D95: نولون سعد عامر | E95: 3575 | G95: =F95-E95+G94 -> 58338
C96: 45913 | D96: صلاح الاطاوله | F96: 80000 | G96: =F96-E96+G95 -> 138338
C97: 45913 | D97: على ابو خريبه (حساب اسمنت من المخزن) | F97: 7300 | G97: =F97-E97+G96 -> 145638
C98: 45915 | D98: يوسف فتحى | E98: 30000 | G98: =F98-E98+G97 -> 115638
C99: 45916 | D99: نولون وليد عثمان | E99: 16950 | G99: =F99-E99+G98 -> 98688
C100: 45916 | D100: نولون على حسن فروجه | E100: 4175 | G100: =F100-E100+G99 -> 94513
C101: 45916 | D101: مصاريف تحويل | E101: 19 | G101: =F101-E101+G100 -> 94494
C102: 45921 | D102: محمد حسن ابو جناح (عملاء) (15 الف ف محفظه احمد علاء) | F102: 14999 | G102: =F102-E102+G101 -> 109493
C103: 45921 | D103: كمسيون صبحى ونولون نقله الجيزه | E103: 9985 | G103: =F103-E103+G102 -> 99508
...

Sheet 14
C3: فودافون كاش (يوسف يوسف)
E5: =SUM(E8:E1000) -> 29200 | F5: =SUM(F8:F1000) -> 53195 | G5: =F5-E5 -> 23995 | I5: الصفحة الرئيسية
C6: التاريخ | D6: الاسم | E6: الحركة | G6: الرصيد
E7: مدين | F7: دائن
D8: رصيد افتتاحي | G8: =F8-E8 -> 0
C9: 45824 | D9: حسام زكى الساحل | F9: 9500 | G9: =F9-E9+G8 -> 9500
C10: 45824 | D10: حسام زكى الساحل | F10: 10000 | G10: =F10-E10+G9 -> 19500
C11: 45824 | D11: حسام زكى الساحل | F11: 10000 | G11: =F11-E11+G10 -> 29500
C12: 45831 | D12: نولون الحسن احمد فرغلى | E12: 14500 | G12: =F12-E12+G11 -> 15000
C13: 45834 | D13: نولون محروس محمد (نقله الكانات) | E13: 14700 | G13: =F13-E13+G12 -> 300
C14: 45972 | D14: احمد شعبان | F14: 5200 | G14: =F14-E14+G13 -> 5500
C15: 45973 | D15: صلاح عبدالهادى | F15: 3365 | G15: =F15-E15+G14 -> 8865
C16: 46017 | D16: محمد شحاته ابو خريبه | F16: 15130 | G16: =F16-E16+G15 -> 23995
G17: =F17-E17+G16 -> 23995
G18: =F18-E18+G17 -> 23995
G19: =F19-E19+G18 -> 23995
G20: =F20-E20+G19 -> 23995
G21: =F21-E21+G20 -> 23995
G22: =F22-E22+G21 -> 23995
G23: =F23-E23+G22 -> 23995
G24: =F24-E24+G23 -> 23995
G25: =F25-E25+G24 -> 23995
G26: =F26-E26+G25 -> 23995
G27: =F27-E27+G26 -> 23995
G28: =F28-E28+G27 -> 23995
... G1000: =F1000-E1000+G999 -> 23995

Sheet 15
C3: بنك الاهلى (يوسف يوسف)
E5: =SUM(E8:E1000) -> 20055180 | F5: =SUM(F8:F1000) -> 20056830 | G5: =F5-E5 -> 1650 | I5: الصفحة الرئيسية
C6: التاريخ | D6: الاسم | E6: الحركة | G6: الرصيد
E7: مدين | F7: دائن
D8: رصيد افتتاحي | G8: =F8-E8 -> 0
C9: 45844 | D9: من بنك الاهلى (سليم) | F9: 1350000 | G9: =F9-E9+G8 -> 1350000
C10: 45844 | D10: من بنك الاسكندريه (سليم) | F10: 2435000 | G10: =F10-E10+G9 -> 3785000
C11: 45844 | D11: ايداع نقدى من البيت منهم (81 الف من عبدالرازق) | F11: 2901830 | G11: =F11-E11+G10 -> 6686830
C12: 45844 | D12: حديد عز | E12: 6685000 | G12: =F12-E12+G11 -> 1830
C13: 45844 | D13: مصروفات بنكيه | E13: 180 | G13: =F13-E13+G12 -> 1650
C14: 45853 | D14: من بنك الاهلى (سليم) | F14: 1607000 | G14: =F14-E14+G13 -> 1608650
C15: 45853 | D15: من بنك مصر (يوسف) | F15: 1450000 | G15: =F15-E15+G14 -> 3058650
C16: 45853 | D16: من بنك الاسكندريه (يوسف) | F16: 3000000 | G16: =F16-E16+G15 -> 6058650
C17: 45853 | D17: من بنك الاسكندريه (يوسف) | F17: 628000 | G17: =F17-E17+G16 -> 6686650
C18: 45853 | D18: حديد عز | E18: 6685000 | G18: =F18-E18+G17 -> 1650
C19: 45866 | D19: من بنك الاسكندريه (يوسف) | F19: 1860000 | G19: =F19-E19+G18 -> 1861650
C20: 45866 | D20: من بنك الاسكندريه (يوسف) | F20: 3000000 | G20: =F20-E20+G19 -> 4861650
C21: 45866 | D21: من بنك مصر (يوسف) | F21: 1825000 | G21: =F21-E21+G20 -> 6686650
C22: 45866 | D22: شيك حديد عز | E22: 6685000 | G22: =F22-E22+G21 -> 1650
G23: =F23-E23+G22 -> 1650
G24: =F24-E24+G23 -> 1650
G25: =F25-E25+G24 -> 1650
G26: =F26-E26+G25 -> 1650
G27: =F27-E27+G26 -> 1650
G28: =F28-E28+G27 -> 1650
G29: =F29-E29+G28 -> 1650
G30: =F30-E30+G29 -> 1650
G31: =F31-E31+G30 -> 1650
G32: =F32-E32+G31 -> 1650
G33: =F33-E33+G32 -> 1650
G34: =F34-E34+G33 -> 1650
... G1000: =F1000-E1000+G999 -> 1650

Sheet 16
C3: بنك العقارى المصرى العربى
E5: =SUM(E8:E1000) -> 2950000 | F5: =SUM(F8:F1000) -> 3000000 | G5: =F5-E5 -> 50000 | I5: الصفحة الرئيسية
C6: التاريخ | D6: الاسم | E6: الحركة | G6: الرصيد
E7: مدين | F7: دائن
D8: رصيد افتتاحي | G8: =F8-E8 -> 0
C9: 45922 | D9: من بنك مصر الشرق | F9: 2000000 | G9: =F9-E9+G8 -> 2000000
C10: 45929 | D10: الى بنك مصر يوسف | E10: 1900000 | G10: =E10-F10+G9 -> 3900000
C11: 45931 | D11: جمال سيد سعد | F11: 1000000 | G11: =E11-F11+G10 -> 2900000
C12: 45931 | D12: الرضا ستيل | E12: 1050000 | G12: =E12-F12+G11 -> 3950000
G13: =E13-F13+G12 -> 3950000
G14: =E14-F14+G13 -> 3950000
G15: =E15-F15+G14 -> 3950000
G16: =E16-F16+G15 -> 3950000
G17: =E17-F17+G16 -> 3950000
G18: =E18-F18+G17 -> 3950000
G19: =E19-F19+G18 -> 3950000
G20: =E20-F20+G19 -> 3950000
G21: =E21-F21+G20 -> 3950000
G22: =E22-F22+G21 -> 3950000
G23: =E23-F23+G22 -> 3950000
G24: =E24-F24+G23 -> 3950000
... G1000: =E1000-F1000+G999 -> 3950000

Sheet 17
C3: فودافون كاش ( احمد علاء )
E5: =SUM(E8:E1000) -> 67329 | F5: =SUM(F8:F1000) -> 67355 | G5: =F5-E5 -> 26 | I5: الصفحة الرئيسية
C6: التاريخ | D6: الاسم | E6: الحركة | G6: الرصيد
E7: مدين | F7: دائن
D8: رصيد افتتاحي | F8: 2355 | G8: =F8-E8 -> 2355
C9: 46009 | D9: نولون ابراهيم احمد | E9: 2340 | G9: =F9-E9+G8 -> 15
C10: 46013 | D10: يوسف ريفا | F10: 5000 | G10: =F10-E10+G9 -> 5015
C11: 46013 | D11: نولون محمود فتحى | E11: 3500 | G11: =F11-E11+G10 -> 1515
C12: 46013 | D12: رسوم تحويل | E12: 30 | G12: =F12-E12+G11 -> 1485
C13: 46014 | D13: باقى حساب عامر | E13: 1130 | G13: =F13-E13+G12 -> 355
C14: 46022 | D14: من فودافون كاش سليم | F14: 30000 | G14: =F14-E14+G13 -> 30355
C15: 46023 | D15: نولون شعبان ابراهيم | E15: 17350 | G15: =F15-E15+G14 -> 13005
C16: 46025 | D16: محمد عبدالناصر ( سواق الترلة الزرقاء من المرتب ) | E16: 7000 | G16: =F16-E16+G15 -> 6005
C17: 46037 | D17: باقى نولون رمضان شفيق | E17: 500 | G17: =F17-E17+G16 -> 5505
C18: 46036 | D18: نولون عمر بدرى حجازى | E18: 3625 | G18: =F18-E18+G17 -> 1880
C19: 46041 | D19: عهده عبد المعز محمد ( سواق الترلة ) | E19: 1000 | G19: =F19-E19+G18 -> 880
C20: 46043 | D20: سليم يوسف مصاريف | E20: 200 | G20: =F20-E20+G19 -> 680
C21: 46047 | D21: قهوه على محمد رمضان | E21: 200 | G21: =F21-E21+G20 -> 480
C22: 46048 | D22: عبد المعز محمد محمود السواق | E22: 200 | G22: =F22-E22+G21 -> 280
C23: 46088 | D23: من محفظه فودافون كاش سليم | F23: 30000 | G23: =F23-E23+G22 -> 30280
C24: 46088 | D24: عهده نولون مصطفى جمال فرغلى | E24: 1000 | G24: =F24-E24+G23 -> 29280
C25: 46088 | D25: رسوم تحويل | E25: 54 | G25: =F25-E25+G24 -> 29226
C26: 46088 | D26: نولون محمد مصطفى عبدالرشيد | E26: 24950 | G26: =F26-E26+G25 -> 4276
C27: 46088 | D27: باقى نولون هانى رمزى ( فاضله 750 جنيه ) | E27: 4250 | G27: =F27-E27+G26 -> 26
G28: =F28-E28+G27 -> 26
G29: =F29-E29+G28 -> 26
G30: =F30-E30+G29 -> 26
G31: =F31-E31+G30 -> 26
G32: =F32-E32+G31 -> 26
G33: =F33-E33+G32 -> 26
G34: =F34-E34+G33 -> 26
G35: =F35-E35+G34 -> 26
G36: =F36-E36+G35 -> 26
G37: =F37-E37+G36 -> 26
G38: =F38-E38+G37 -> 26
G39: =F39-E39+G38 -> 26
... G1000: =F1000-E1000+G999 -> 26

Sheet 18
C3: بنك الأسكان والتعمير
E5: =SUM(E8:E1000) -> 10490000 | F5: =SUM(F8:F1000) -> 10561500 | G5: =F5-E5 -> 71500 | I5: الصفحة الرئيسية
C6: التاريخ | D6: الاسم | E6: الحركة | G6: الرصيد
E7: مدين | F7: دائن
D8: رصيد افتتاحي | G8: =F8-E8 -> 0
C9: 46049 | D9: من بنك ابو ظبى الاول ( مصر ) | F9: 1000000 | G9: =F9-E9+G8 -> 1000000
C10: 46050 | D10: من بنك ابو ظبى الاول ( مصر ) | F10: 500000 | G10: =F10-E10+G9 -> 1500000
C11: 46050 | D11: من بنك مصر الشرق | F11: 3000000 | G11: =F11-E11+G10 -> 4500000
C12: 46050 | D12: من بنك مصر الشرق | F12: 3000000 | G12: =F12-E12+G11 -> 7500000
C13: 46050 | D13: من بنك مصر الشرق | F13: 3000000 | G13: =F13-E13+G12 -> 10500000
C14: 46054 | D14: الى بنك الاسكندريه سليم | E14: 10490000 | G14: =F14-E14+G13 -> 10000
C15: 46054 | D15: هانى عبد التواب | F15: 3500 | G15: =F15-E15+G14 -> 13500
C16: 46054 | D16: هانى عبد التواب | F16: 58000 | G16: =F16-E16+G15 -> 71500
G17: =F17-E17+G16 -> 71500
G18: =F18-E18+G17 -> 71500
G19: =F19-E19+G18 -> 71500
G20: =F20-E20+G19 -> 71500
G21: =F21-E21+G20 -> 71500
G22: =F22-E22+G21 -> 71500
G23: =F23-E23+G22 -> 71500
G24: =F24-E24+G23 -> 71500
G25: =F25-E25+G24 -> 71500
G26: =F26-E26+G25 -> 71500
G27: =F27-E27+G26 -> 71500
G28: =F28-E28+G27 -> 71500
... G1000: =F1000-E1000+G999 -> 71500

Sheet 19
E5: =SUM(E8:E1000) -> 0 | F5: =SUM(F8:F1000) -> 0 | G5: =F5-E5 -> 0 | I5: الصفحة الرئيسية
C6: التاريخ | D6: الاسم | E6: الحركة | G6: الرصيد
E7: مدين | F7: دائن
D8: رصيد افتتاحي | G8: =F8-E8 -> 0
G9: =E9-F9+G8 -> 0
G10: =E10-F10+G9 -> 0
G11: =E11-F11+G10 -> 0
G12: =E12-F12+G11 -> 0
G13: =E13-F13+G12 -> 0
G14: =E14-F14+G13 -> 0
G15: =E15-F15+G14 -> 0
G16: =E16-F16+G15 -> 0
G17: =E17-F17+G16 -> 0
G18: =E18-F18+G17 -> 0
G19: =E19-F19+G18 -> 0
G20: =E20-F20+G19 -> 0
... G1000: =E1000-F1000+G999 -> 0

Sheet 20
E5: =SUM(E8:E1000) -> 0 | F5: =SUM(F8:F1000) -> 0 | G5: =F5-E5 -> 0 | I5: الصفحة الرئيسية
C6: التاريخ | D6: الاسم | E6: الحركة | G6: الرصيد
E7: مدين | F7: دائن
D8: رصيد افتتاحي | G8: =F8-E8 -> 0
G9: =E9-F9+G8 -> 0
G10: =E10-F10+G9 -> 0
G11: =E11-F11+G10 -> 0
G12: =E12-F12+G11 -> 0
G13: =E13-F13+G12 -> 0
G14: =E14-F14+G13 -> 0
G15: =E15-F15+G14 -> 0
G16: =E16-F16+G15 -> 0
G17: =E17-F17+G16 -> 0
G18: =E18-F18+G17 -> 0
G19: =E19-F19+G18 -> 0
G20: =E20-F20+G19 -> 0
... G1000: =E1000-F1000+G999 -> 0

Sheet 21
E5: =SUM(E8:E1000) -> 0 | F5: =SUM(F8:F1000) -> 0 | G5: =F5-E5 -> 0 | I5: الصفحة الرئيسية
C6: التاريخ | D6: الاسم | E6: الحركة | G6: الرصيد
E7: مدين | F7: دائن
D8: رصيد افتتاحي | G8: =F8-E8 -> 0
G9: =E9-F9+G8 -> 0
G10: =E10-F10+G9 -> 0
G11: =E11-F11+G10 -> 0
G12: =E12-F12+G11 -> 0
G13: =E13-F13+G12 -> 0
G14: =E14-F14+G13 -> 0
G15: =E15-F15+G14 -> 0
G16: =E16-F16+G15 -> 0
G17: =E17-F17+G16 -> 0
G18: =E18-F18+G17 -> 0
G19: =E19-F19+G18 -> 0
G20: =E20-F20+G19 -> 0
... G1000: =E1000-F1000+G999 -> 0

Sheet 22
E5: =SUM(E8:E1000) -> 0 | F5: =SUM(F8:F1000) -> 0 | G5: =F5-E5 -> 0 | I5: الصفحة الرئيسية
C6: التاريخ | D6: الاسم | E6: الحركة | G6: الرصيد
E7: مدين | F7: دائن
D8: رصيد افتتاحي | G8: =F8-E8 -> 0
G9: =E9-F9+G8 -> 0
G10: =E10-F10+G9 -> 0
G11: =E11-F11+G10 -> 0
G12: =E12-F12+G11 -> 0
G13: =E13-F13+G12 -> 0
G14: =E14-F14+G13 -> 0
G15: =E15-F15+G14 -> 0
G16: =E16-F16+G15 -> 0
G17: =E17-F17+G16 -> 0
G18: =E18-F18+G17 -> 0
G19: =E19-F19+G18 -> 0
G20: =E20-F20+G19 -> 0
... G1000: =E1000-F1000+G999 -> 0

Sheet Sheet1
